Rank,Fighter,Fights,Average Opponent Rating,Highest Rated Opponent
1,Eddie Alvarez,8,2918,Rafael dos Anjos (2016-07-07)
2,Daniel Cormier,12,2891,Jon Jones (2017-07-29)
3,Blagoy Ivanov,1,2888,Junior dos Santos (2018-07-14)
4,Luke Rockhold,9,2876,Chris Weidman (2015-12-12)
5,Stefan Sekulić,1,2851,Ramazan Emeev (2018-09-15)
6,Chris Weidman,13,2838,Anderson Silva (2013-07-06)
7,Yoel Romero,11,2837,Robert Whittaker (2018-06-09)
8,Jose Aldo,12,2830,Max Holloway (2017-12-02)
9,Tyron Woodley,12,2825,Robbie Lawler (2016-07-30)
10,Justin Gaethje,4,2807,Eddie Alvarez (2017-12-02)
11,Volkan Oezdemir,4,2799,Daniel Cormier (2018-01-20)
12,Gilbert Melendez,6,2790,Benson Henderson (2013-04-20)
13,Benson Henderson,14,2787,Donald Cerrone (2015-01-18)
14,Anthony Pettis,15,2784,Tony Ferguson (2018-10-06)
15,Carlo Pedersoli,1,2777,Alex Oliveira (2018-09-22)
16,Stipe Miocic,15,2773,Daniel Cormier (2018-07-07)
17,Ronaldo Souza,11,2773,Vitor Belfort (2016-05-14)
18,James Toney,1,2768,Randy Couture (2010-08-28)
19,Chael Sonnen,14,2761,Jon Jones (2013-04-27)
20,Jon Jones,18,2758,Daniel Cormier (2017-07-29)
21,Conor McGregor,11,2755,Jose Aldo (2015-12-12)
22,Alistair Overeem,14,2753,Stipe Miocic (2016-09-10)
23,Jin Soo Son,1,2748,Petr Yan (2018-09-15)
24,Marlon Moraes,4,2741,Jimmie Rivera (2018-06-01)
25,Junior dos Santos,17,2735,Stipe Miocic (2017-05-13)
26,Anderson Silva,22,2734,Daniel Cormier (2016-07-09)
27,Lyoto Machida,24,2733,Chris Weidman (2014-07-05)
28,Alexander Volkov,5,2732,Fabricio Werdum (2018-03-17)
29,Brock Lesnar,8,2731,Alistair Overeem (2011-12-30)
30,Carlos Condit,15,2724,Georges St-Pierre (2012-11-17)
31,Tonya Evinger,2,2723,Cris Cyborg (2017-07-29)
32,Daniel Teymur,2,2722,Danny Henry (2017-07-16)
33,Gegard Mousasi,12,2721,Chris Weidman (2017-04-08)
34,Luigi Vendramini,1,2721,Elizeu Zaleski dos Santos (2018-09-22)
35,Alexander Hernandez,2,2720,Beneil Dariush (2018-03-03)
36,Dan Henderson,18,2717,Michael Bisping (2016-10-08)
37,Cain Velasquez,14,2712,Fabricio Werdum (2015-06-13)
38,Fabricio Werdum,16,2703,Cain Velasquez (2015-06-13)
39,Kelvin Gastelum,14,2702,Michael Bisping (2017-11-25)
40,Mauricio Rua,18,2694,Lyoto Machida (2010-05-08)
41,Antonio Silva,11,2692,Cain Velasquez (2013-05-25)
42,Kevin Holland,1,2690,Thiago Santos (2018-08-04)
43,Jake Shields,8,2689,Georges St-Pierre (2011-04-30)
44,Frankie Edgar,24,2687,Benson Henderson (2012-08-11)
45,Tim Kennedy,5,2683,Kelvin Gastelum (2016-12-10)
46,Jalin Turner,1,2682,Vicente Luque (2018-10-06)
47,Dominick Cruz,6,2682,T.J. Dillashaw (2016-01-17)
48,Rory MacDonald,13,2679,Robbie Lawler (2015-07-11)
49,Khabib Nurmagomedov,11,2676,Conor McGregor (2018-10-06)
50,Ron van Clief,1,2673,Royce Gracie (1994-12-16)
51,Priscila Cachoeira,1,2670,Valentina Shevchenko (2018-02-03)
52,Montel Jackson,1,2670,Ricky Simon (2018-08-04)
53,Yana Kunitskaya,2,2669,Cris Cyborg (2018-03-03)
54,Alexander Gustafsson,14,2669,Jon Jones (2013-09-21)
55,Vitor Belfort,26,2665,Chris Weidman (2015-05-23)
56,Georges St-Pierre,22,2663,Michael Bisping (2017-11-04)
57,Glover Teixeira,15,2661,Jon Jones (2014-04-26)
58,Chad Mendes,13,2660,Jose Aldo (2014-10-25)
59,Rashad Evans,23,2652,Jon Jones (2012-04-21)
60,Mark Hunt,17,2649,Fabricio Werdum (2014-11-15)
61,Quinton Jackson,13,2647,Chuck Liddell (2007-05-26)
62,Tarec Saffiedine,6,2646,Rory MacDonald (2014-10-04)
63,Rafael dos Anjos,25,2644,Anthony Pettis (2015-03-14)
64,Antonio Rogerio Nogueira,11,2642,Ryan Bader (2016-11-19)
65,Chance Rencountre,1,2641,Belal Muhammad (2018-06-01)
66,Travis Browne,17,2640,Fabricio Werdum (2016-09-10)
67,Emil Weber Meek,3,2640,Kamaru Usman (2018-01-14)
68,John-Olav Einemo,2,2637,Dave Herman (2011-06-11)
69,Renzo Gracie,1,2637,Matt Hughes (2010-04-10)
70,Johny Hendricks,21,2634,Georges St-Pierre (2013-11-16)
71,Demian Maia,28,2633,Tyron Woodley (2017-07-29)
72,Robert Whittaker,13,2631,Yoel Romero (2018-06-09)
73,Darrel Gholar,1,2630,Evan Tanner (1999-01-08)
74,Stephen Thompson,13,2628,Johny Hendricks (2016-02-06)
75,Robbie Lawler,19,2628,Johny Hendricks (2014-12-06)
76,Josh Barnett,10,2627,Semmy Schilt (2001-06-29)
77,Hector Lombard,12,2623,Yushin Okami (2013-03-03)
78,Darren Till,7,2622,Tyron Woodley (2018-09-08)
79,Jorge Masvidal,15,2619,Donald Cerrone (2017-01-28)
80,Donald Cerrone,28,2618,Rafael dos Anjos (2015-12-19)
81,Jimi Manuwa,10,2617,Anthony Johnson (2015-09-05)
82,Ovince St. Preux,1,2616,Dominick Reyes (2018-10-06)
83,Francis Ngannou,8,2615,Stipe Miocic (2018-01-20)
84,Antônio Rodrigo Nogueira,11,2614,Fabricio Werdum (2013-06-08)
85,Anthony Johnson,19,2614,Daniel Cormier (2017-04-08)
86,Cody Garbrandt,8,2614,T.J. Dillashaw (2018-08-04)
87,Roger Gracie,1,2612,Tim Kennedy (2013-07-06)
88,Craig White,2,2610,Neil Magny (2018-05-27)
89,David Branch,7,2609,Luke Rockhold (2017-09-16)
90,Josh Thomson,7,2608,Benson Henderson (2014-01-25)
91,B.J. Penn,25,2606,Nick Diaz (2011-10-29)
92,Henry Cejudo,9,2605,Demetrious Johnson (2018-08-04)
93,Desmond Green,5,2605,Rustam Khabilov (2017-09-02)
94,Michael Bisping,29,2603,Luke Rockhold (2016-06-04)
95,Cody Stamann,4,2600,Aljamain Sterling (2018-09-08)
96,Ricardo Lamas,14,2598,Jose Aldo (2014-02-01)
97,Roy Nelson,19,2597,Daniel Cormier (2013-10-19)
98,Sheymon Moraes,2,2597,Zabit Magomedsharipov (2017-11-25)
99,Ryan Bader,20,2596,Anthony Johnson (2016-01-30)
100,Khalid Murtazaliev,1,2595,C.B. Dollaway (2018-09-15)
101,Nad Narimani,1,2594,Khalid Taha (2018-07-22)
102,Brian Ortega,7,2591,Frankie Edgar (2018-03-03)
103,Chan Sung Jung,5,2589,Jose Aldo (2013-08-03)
104,Randy Couture,24,2589,Chuck Liddell (2006-02-04)
105,Lorenz Larkin,10,2588,Neil Magny (2016-08-20)
106,Urijah Faber,16,2588,Frankie Edgar (2015-05-16)
107,Lando Vannata,5,2587,Tony Ferguson (2016-07-13)
108,Cub Swanson,16,2586,Frankie Edgar (2014-11-22)
109,Paul Daley,3,2586,Josh Koscheck (2010-05-08)
110,Derek Brunson,13,2586,Ronaldo Souza (2018-01-27)
111,Mike King,1,2585,Cathal Pendred (2014-07-19)
112,Alexandre Dantas,2,2581,Yuki Kondo (2000-09-22)
113,Mike Perry,8,2577,Santiago Ponzinibbio (2017-12-16)
114,Phil Davis,13,2577,Lyoto Machida (2013-08-03)
115,Chris Haseman,1,2575,Evan Tanner (2002-07-13)
116,Bobby Green,9,2575,Josh Thomson (2014-07-26)
117,Khalid Taha,1,2575,Nad Narimani (2018-07-22)
118,Tom Gallicchio,1,2574,James Krause (2017-07-07)
119,Gunnar Nelson,10,2572,Demian Maia (2015-12-12)
120,Jimmie Rivera,7,2570,Marlon Moraes (2018-06-01)
121,Kamaru Usman,8,2570,Demian Maia (2018-05-19)
122,Joe Giannetti,1,2569,Mike Trizano (2018-07-06)
123,Joe Slick,2,2569,Jason DeLucia (1999-11-19)
124,Uriah Hall,13,2569,Gegard Mousasi (2016-11-19)
125,Jake Ellenberger,21,2566,Jake Shields (2011-09-17)
126,Renato Moicano,6,2566,Cub Swanson (2018-08-04)
127,Julian Sanchez,1,2566,Mark Coleman (1996-09-20)
128,Quinn Mulhern,2,2564,Katsunori Kikuno (2014-01-04)
129,Alex Reyes,1,2562,Mike Perry (2017-09-16)
130,Minoki Ichihara,1,2561,Royce Gracie (1994-03-11)
131,Alberto Mina,4,2561,Ramazan Emeev (2018-05-12)
132,Costas Philippou,10,2561,Gegard Mousasi (2015-05-16)
133,T.J. Dillashaw,15,2560,Renan Barao (2014-05-24)
134,Joe Jordan,1,2560,Hermes Franca (2006-07-08)
135,Kamal Shalorus,3,2560,Jim Miller (2011-03-19)
136,Renan Barao,15,2558,Urijah Faber (2014-02-01)
137,Alex Oliveira,13,2557,Will Brooks (2016-10-01)
138,Edson Barboza,19,2557,Khabib Nurmagomedov (2017-12-30)
139,Ovince Saint Preux,17,2557,Jon Jones (2016-04-23)
140,Matt Horwich,2,2556,Ricardo Almeida (2009-04-01)
141,Charles Oliveira,21,2556,Frankie Edgar (2013-07-06)
142,Ben Rothwell,10,2555,Junior dos Santos (2016-04-10)
143,Matthew Lopez,5,2555,Raphael Assuncao (2017-11-11)
144,John Lober,1,2555,Frank Shamrock (1998-10-16)
145,Kevin Lee,13,2553,Tony Ferguson (2017-10-07)
146,Dmitriy Sosnovskiy,1,2553,Mark Godbeer (2018-03-17)
147,Wagner Prado,3,2552,Phil Davis (2012-08-04)
148,Andrei Arlovski,27,2551,Alistair Overeem (2016-05-08)
149,Tim Boetsch,23,2551,Ronaldo Souza (2017-02-11)
150,Nate Marquardt,25,2551,Vitor Belfort (2017-06-03)
151,Rose Namajunas,8,2550,Joanna Jedrzejczyk (2017-11-04)
152,Wanderlei Silva,12,2548,Quinton Jackson (2008-12-27)
153,Tito Ortiz,27,2548,Chuck Liddell (2006-12-30)
154,Tim Williams,2,2548,Eryk Anders (2018-08-25)
155,Pat Healy,6,2547,Khabib Nurmagomedov (2013-09-21)
156,Shane Carwin,6,2547,Junior dos Santos (2011-06-11)
157,Cung Le,4,2546,Rich Franklin (2012-11-10)
158,Joseph Morales,2,2545,Deiveson Figueiredo (2018-02-03)
159,Sean Soriano,3,2542,Tatsuya Kawajiri (2014-01-04)
160,Kevin Randleman,7,2542,Bas Rutten (1999-05-07)
161,Tony Ferguson,15,2542,Rafael dos Anjos (2016-11-05)
162,Yushin Okami,20,2542,Anderson Silva (2011-08-27)
163,Tatsuya Kawajiri,6,2542,Cub Swanson (2016-08-06)
164,Neil Magny,19,2541,Rafael dos Anjos (2017-09-09)
165,Dan Hardy,10,2541,Georges St-Pierre (2010-03-27)
166,Nate Diaz,23,2541,Conor McGregor (2016-03-05)
167,Holly Holm,9,2540,Cris Cyborg (2017-12-30)
168,Adam Yandiev,1,2540,Jordan Johnson (2018-09-15)
169,Mark Munoz,15,2539,Chris Weidman (2012-07-11)
170,Beneil Dariush,13,2539,Edson Barboza (2017-03-11)
171,Raoni Barcelos,1,2538,Kurt Holobaugh (2018-07-14)
172,Brian Kelleher,5,2537,John Lineker (2018-05-12)
173,Dustin Poirier,21,2536,Eddie Alvarez (2018-07-28)
174,Frank Mir,27,2536,Junior dos Santos (2012-05-26)
175,Damir Hadzovic,4,2535,Mairbek Taisumov (2016-04-10)
176,Lucio Linhares,2,2534,Yushin Okami (2010-03-31)
177,Claudia Gadelha,8,2534,Joanna Jedrzejczyk (2016-07-08)
178,Tim Sylvia,13,2534,Antônio Rodrigo Nogueira (2008-02-02)
179,David Zawada,1,2533,Danny Roberts (2018-07-22)
180,Forrest Griffin,15,2533,Anderson Silva (2009-08-08)
181,Demetrious Johnson,18,2533,Dominick Cruz (2011-10-01)
182,Josh Emmett,6,2532,Ricardo Lamas (2017-12-16)
183,Aljamain Sterling,11,2530,Brett Johns (2018-04-21)
184,Yancy Medeiros,12,2530,Alex Oliveira (2017-12-02)
185,Jesse Sanders,1,2530,Brock Larson (2009-04-01)
186,Derrick Lewis,15,2530,Alexander Volkov (2018-10-06)
187,John Dodson,14,2530,Demetrious Johnson (2015-09-05)
188,Jose Torres,2,2530,Jarred Brooks (2018-06-01)
189,Mehdi Baghdad,2,2529,Chris Wade (2016-01-17)
190,Thiago Alves,24,2529,Georges St-Pierre (2009-07-11)
191,Al Iaquinta,11,2527,Khabib Nurmagomedov (2018-04-07)
192,David Terrell,3,2527,Evan Tanner (2005-02-05)
193,Eddie Wineland,12,2527,Renan Barao (2013-09-21)
194,Karolina Kowalkiewicz,8,2526,Jessica Andrade (2018-09-08)
195,Francis Carmont,9,2524,Ronaldo Souza (2014-02-15)
196,Chad Griggs,2,2524,Travis Browne (2012-04-21)
197,Michael Johnson,19,2524,Khabib Nurmagomedov (2016-11-12)
198,Joanna Jedrzejczyk,11,2523,Rose Namajunas (2018-04-07)
199,Diego Sanchez,28,2523,Gilbert Melendez (2013-10-19)
200,Josh Hendricks,1,2523,Gabriel Gonzaga (2008-11-15)
201,Thiago Santos,16,2523,Gegard Mousasi (2016-07-09)
202,Jeff Joslin,1,2522,Josh Koscheck (2006-12-13)
203,Calvin Kattar,3,2522,Shane Burgos (2018-01-20)
204,Doo Ho Choi,5,2521,Cub Swanson (2016-12-10)
205,Cat Zingano,6,2520,Ronda Rousey (2015-02-28)
206,Rich Franklin,20,2520,Anderson Silva (2007-10-20)
207,Brandon Davis,4,2520,Zabit Magomedsharipov (2018-09-08)
208,Mads Burnell,3,2520,Michel Prazeres (2017-09-02)
209,Martin Kampmann,17,2519,Jake Ellenberger (2012-06-01)
210,Ramazan Emeev,3,2519,Sam Alvey (2017-10-21)
211,Ilir Latifi,10,2519,Ryan Bader (2016-09-03)
212,Krzysztof Jotko,10,2518,David Branch (2017-05-13)
213,Rousimar Palhares,12,2517,Nate Marquardt (2010-09-15)
214,Marcin Prachnio,2,2517,Sam Alvey (2018-02-24)
215,Thiago Silva,12,2517,Alexander Gustafsson (2012-04-14)
216,Brett Johns,5,2517,Pedro Munhoz (2018-08-04)
217,Jason Knight,8,2515,Ricardo Lamas (2017-07-29)
218,Luiz Dutra Jr.,2,2515,Tom Breese (2015-05-30)
219,Ali Bagautinov,7,2514,Demetrious Johnson (2014-06-14)
220,Raphael Assuncao,13,2514,T.J. Dillashaw (2016-07-09)
221,Clay Guida,26,2513,Tatsuya Kawajiri (2014-04-11)
222,Ryan LaFlare,10,2512,Alex Oliveira (2017-07-22)
223,Aleksandar Rakic,2,2512,Francimar Barroso (2017-09-02)
224,Yair Rodriguez,7,2512,Frankie Edgar (2017-05-13)
225,Nick Thompson,2,2511,Karo Parisyan (2006-04-15)
226,Rustam Khabilov,11,2511,Benson Henderson (2014-06-07)
227,Tsuyoshi Kosaka,6,2511,Bas Rutten (1999-01-08)
228,Max Griffin,5,2511,Curtis Millender (2018-07-07)
229,Brian Ebersole,8,2510,Chris Lytle (2011-02-27)
230,Miesha Tate,9,2510,Holly Holm (2016-03-05)
231,Carls John de Tomas,2,2509,Naoki Inoue (2017-06-17)
232,Yoshihiro Akiyama,7,2509,Vitor Belfort (2011-08-06)
233,Deiveson Figueiredo,4,2509,John Moraga (2018-08-25)
234,Marcin Tybura,7,2508,Fabricio Werdum (2017-11-19)
235,Myles Jury,11,2508,Donald Cerrone (2015-01-03)
236,James Vick,11,2508,Francisco Trinaldo (2018-02-18)
237,Luan Chagas,4,2508,Sergio Moraes (2016-05-14)
238,Colby Covington,10,2507,Rafael dos Anjos (2018-06-09)
239,Jon Fitch,18,2507,Georges St-Pierre (2008-08-09)
240,Santiago Ponzinibbio,10,2507,Gunnar Nelson (2017-07-16)
241,Gray Maynard,20,2506,Frankie Edgar (2011-01-01)
242,Evan Dunham,20,2505,Beneil Dariush (2017-10-07)
243,Chuck Liddell,23,2505,Randy Couture (2005-04-16)
244,Falaniko Vitale,2,2505,Matt Lindland (2003-06-06)
245,Jeremy Stephens,29,2504,Frankie Edgar (2016-11-12)
246,Ernest Chavez,3,2504,Elias Silverio (2014-05-31)
247,Valentina Shevchenko,6,2504,Amanda Nunes (2017-09-09)
248,Antonio Banuelos,1,2503,Miguel Torres (2011-02-05)
249,Corey Anderson,12,2502,Glover Teixeira (2018-07-22)
250,Juan Puig,2,2502,Doo Ho Choi (2014-11-22)
251,Israel Adesanya,3,2501,Brad Tavares (2018-07-06)
252,Thales Leites,21,2501,Anderson Silva (2009-04-18)
253,Max Holloway,18,2500,Jose Aldo (2017-06-03)
254,Masanori Kanehara,3,2499,Michael McDonald (2016-01-02)
255,Rashid Magomedov,6,2499,Beneil Dariush (2016-11-05)
256,Patrick Cummins,11,2499,Daniel Cormier (2014-02-22)
257,Bartosz Fabiński,3,2498,Garreth McLellan (2015-04-11)
258,Eryk Anders,5,2497,Thiago Santos (2018-09-22)
259,Elizeu Zaleski dos Santos,7,2497,Keita Nakamura (2016-10-01)
260,Paulo Costa,4,2497,Uriah Hall (2018-07-07)
261,Brian Stann,11,2497,Chael Sonnen (2011-10-08)
262,Aspen Ladd,2,2496,Tonya Evinger (2018-10-06)
263,Rick Glenn,5,2496,Evan Dunham (2016-09-17)
264,Tom Breese,5,2496,Keita Nakamura (2016-02-27)
265,Hacran Dias,8,2496,Ricardo Lamas (2014-06-28)
266,Amanda Lemos,1,2495,Leslie Smith (2017-07-16)
267,Nick Diaz,14,2495,Georges St-Pierre (2013-03-16)
268,Isaac Vallie-Flagg,4,2495,Matt Wiman (2014-11-22)
269,Rick Story,19,2494,Donald Cerrone (2016-08-20)
270,Sultan Aliev,3,2494,Bojan Velickovic (2016-12-17)
271,Igor Zinoviev,1,2493,Frank Shamrock (1998-03-13)
272,Rob Wilkinson,2,2493,Israel Adesanya (2018-02-11)
273,Timothy Johnson,7,2493,Alexander Volkov (2016-11-19)
274,Maia Stevenson,1,2492,Polyana Viana (2018-02-03)
275,Austin Arnett,2,2492,Cory Sandhagen (2018-01-27)
276,Jan Blachowicz,10,2492,Alexander Gustafsson (2016-09-03)
277,Kurt Holobaugh,2,2492,Raoni Barcelos (2018-07-14)
278,Teemu Packalen,3,2492,Marc Diakiese (2017-03-18)
279,Adriano Martins,7,2491,Leonardo Santos (2016-10-08)
280,Gilbert Yvel,3,2491,Junior dos Santos (2010-01-02)
281,Drakkar Klose,4,2491,Marc Diakiese (2017-07-07)
282,Sam Alvey,16,2490,Ramazan Emeev (2017-10-21)
283,Dominic Waters,3,2490,Dong Hyun Kim (2015-11-28)
284,Jim Miller,30,2489,Donald Cerrone (2014-07-16)
285,Tyler Diamond,1,2489,Bryce Mitchell (2018-07-06)
286,Matt Brown,24,2489,Donald Cerrone (2016-12-10)
287,Michael McDonald,9,2489,Renan Barao (2013-02-16)
288,Claudio Silva,3,2488,Nordine Taleb (2018-05-27)
289,Rob Font,8,2488,Raphael Assuncao (2018-07-07)
290,Homer Moore,1,2488,Evan Tanner (2001-11-02)
291,Roan Carneiro,9,2487,Ryan LaFlare (2017-02-11)
292,Ronda Rousey,8,2486,Amanda Nunes (2016-12-30)
293,Hakeem Dawodu,2,2485,Danny Henry (2018-03-17)
294,Rafael Cavalcante,5,2485,Ryan Bader (2014-06-14)
295,Curtis Blaydes,7,2485,Alistair Overeem (2018-06-09)
296,Petr Yan,2,2483,Jin Soo Son (2018-09-15)
297,Jason Novelli,2,2483,Polo Reyes (2016-11-05)
298,Josh Copeland,2,2483,Ruslan Magomedov (2014-11-22)
299,Diego Nunes,6,2483,Kenny Florian (2011-06-11)
300,Jared Cannonier,7,2482,Glover Teixeira (2017-02-11)
301,Josh Koscheck,25,2482,Georges St-Pierre (2010-12-11)
302,Chas Skelly,9,2482,Jason Knight (2017-05-13)
303,Ricky Simon,2,2482,Merab Dvalishvili (2018-04-21)
304,Patrick Cote,21,2480,Donald Cerrone (2016-06-18)
305,Glaico Franca,3,2480,James Vick (2016-04-23)
306,Vernon White,2,2480,Chuck Liddell (2004-08-21)
307,Sean Strickland,9,2480,Tom Breese (2016-06-04)
308,Renato Sobral,10,2480,Chuck Liddell (2006-08-26)
309,Anthony Lapsley,2,2480,Albert Tumenov (2014-05-10)
310,David Baron,1,2479,Jim Miller (2008-10-18)
311,Pedro Munhoz,10,2479,John Dodson (2018-03-03)
312,Sean Sherk,12,2479,B.J. Penn (2008-05-24)
313,Magomed Mustafaev,3,2478,Kevin Lee (2016-11-19)
314,Keith Jardine,13,2478,Chuck Liddell (2007-09-22)
315,Jussier Formiga,12,2478,Joseph Benavidez (2013-09-04)
316,Alexander Yakovlev,6,2477,Demian Maia (2014-05-31)
317,John Lineker,15,2477,T.J. Dillashaw (2016-12-30)
318,Rudyard Moncayo,1,2476,Patrick Smith (1995-07-14)
319,James Head,5,2476,Brian Ebersole (2012-07-21)
320,Albert Morales,6,2476,Brett Johns (2017-07-16)
321,Danny Henry,2,2476,Hakeem Dawodu (2018-03-17)
322,Davi Ramos,3,2476,Sergio Moraes (2017-03-11)
323,Joe Soto,8,2475,T.J. Dillashaw (2014-08-30)
324,Will Brooks,4,2475,Charles Oliveira (2017-04-08)
325,Jessin Ayari,2,2475,Jim Wallhead (2016-09-03)
326,Alex Nicholson,4,2475,Devin Clark (2016-07-13)
327,Jack Marshman,4,2475,Magnus Cedenblad (2016-11-19)
328,David Teymur,5,2475,Nik Lentz (2018-06-01)
329,Amanda Nunes,10,2474,Miesha Tate (2016-07-09)
330,Islam Makhachev,6,2474,Chris Wade (2016-09-17)
331,Sabah Homasi,3,2474,Tim Means (2016-08-20)
332,Yusuke Kasuya,2,2473,Alexander Volkanovski (2016-11-27)
333,Darren Elkins,19,2473,Alexander Volkanovski (2018-07-14)
334,Charles Rosa,5,2472,Dennis Siver (2014-10-04)
335,Stefan Struve,21,2472,Alexander Volkov (2017-09-02)
336,Bubba Bush,2,2470,Garreth McLellan (2015-10-24)
337,Jason Miller,3,2470,Michael Bisping (2011-12-03)
338,Shane Burgos,4,2470,Charles Rosa (2017-04-08)
339,Takanori Gomi,13,2469,Kenny Florian (2010-03-31)
340,Maiquel Falcao,1,2469,Gerald Harris (2010-11-20)
341,Polo Reyes,5,2469,James Vick (2017-05-13)
342,Kevin Souza,4,2469,Chas Skelly (2015-11-07)
343,Tony Martin,10,2468,Ryan LaFlare (2018-10-06)
344,Vladimir Matyushenko,12,2468,Tito Ortiz (2001-09-28)
345,Mostapha Al-turk,3,2467,Mirko Cro Cop (2009-06-13)
346,TJ Grant,11,2467,Gray Maynard (2013-05-25)
347,Heath Herring,5,2466,Antônio Rodrigo Nogueira (2007-07-07)
348,Mickael Lebout,3,2466,Stevie Ray (2015-10-24)
349,Ashley Yoder,3,2466,Mackenzie Dern (2018-03-03)
350,Zu Anyanwu,1,2466,Justin Ledet (2017-09-16)
351,Matt Hughes,25,2465,Georges St-Pierre (2007-12-29)
352,Kajan Johnson,7,2465,Rustam Khabilov (2018-09-15)
353,Eric Shelton,4,2465,Jarred Brooks (2017-07-29)
354,Paul Felder,11,2465,Francisco Trinaldo (2016-09-24)
355,Kenny Florian,17,2465,Jose Aldo (2011-10-08)
356,Matt Dwyer,4,2464,Randy Brown (2016-01-30)
357,Darrell Horcher,3,2464,Khabib Nurmagomedov (2016-04-16)
358,Brendan Schaub,11,2463,Travis Browne (2014-12-06)
359,Amar Suloev,2,2463,Chuck Liddell (2002-01-11)
360,Michael Chiesa,11,2463,Kevin Lee (2017-06-25)
361,Bryan Barberena,8,2463,Warlley Alves (2016-05-14)
362,Augusto Mendes,3,2462,Aljamain Sterling (2017-04-15)
363,Mike De La Torre,7,2462,Yui Chul Nam (2015-11-28)
364,Ian McCall,6,2462,Joseph Benavidez (2013-02-02)
365,John Moraga,14,2462,Magomed Bibulatov (2017-10-07)
366,Robert Drysdale,1,2462,Keith Berish (2014-07-06)
367,Ray Borg,8,2461,Demetrious Johnson (2017-10-07)
368,Jordan Mein,9,2461,Mike Pyle (2014-08-23)
369,Oliver Enkamp,2,2460,Nordine Taleb (2017-05-28)
370,Lina Lansberg,5,2460,Cris Cyborg (2016-09-24)
371,Andre Soukhamthath,4,2460,Luke Sanders (2017-12-09)
372,Salim Touahri,1,2460,Warlley Alves (2017-10-21)
373,Niko Price,7,2460,Alan Jouban (2017-08-05)
374,Dan Moret,1,2459,Gilbert Burns (2018-04-14)
375,Augusto Montano,3,2459,Cathal Pendred (2015-06-13)
376,Alexander Volkanovski,5,2459,Darren Elkins (2018-07-14)
377,Alan Omer,2,2459,Jim Alers (2014-04-11)
378,Jay Hieron,4,2458,Jake Ellenberger (2012-10-05)
379,Amaury Bitetti,2,2458,Don Frye (1996-05-17)
380,Michelle Waterson,6,2458,Tecia Torres (2017-12-02)
381,Joachim Christensen,4,2457,Gadzhimurad Antigulov (2017-05-13)
382,Brad Tavares,17,2457,Thales Leites (2017-10-07)
383,Dan Kelly,10,2457,Rashad Evans (2017-03-04)
384,Michael Graves,3,2457,Randy Brown (2016-04-16)
385,Anthony Smith,9,2456,Mauricio Rua (2018-07-22)
386,Leslie Smith,7,2456,Cris Cyborg (2016-05-14)
387,Vinicius Queiroz,1,2455,Rob Broughton (2010-10-16)
388,Adrian Serrano,1,2455,Shonie Carter (2000-06-09)
389,Luke Sanders,5,2454,Rani Yahya (2018-08-25)
390,Alessio Di Chirico,5,2454,Eric Spicely (2017-01-28)
391,Shane Young,2,2453,Alexander Volkanovski (2017-11-19)
392,Alan Jouban,11,2453,Gunnar Nelson (2017-03-18)
393,Carla Esparza,8,2453,Claudia Gadelha (2018-06-09)
394,Ryan Janes,4,2452,Gerald Meerschaert (2017-02-19)
395,Josh Samman,5,2452,Tamdan McCrory (2015-12-19)
396,Siyar Bahadurzada,6,2452,John Howard (2013-12-28)
397,Pedro Rizzo,14,2452,Randy Couture (2001-11-02)
398,Jason Tan,2,2452,Dong Hyun Kim (2008-05-24)
399,Tim Elliott,10,2451,Demetrious Johnson (2016-12-03)
400,Frank Trigg,7,2451,Matt Hughes (2003-11-21)
401,Mirsad Bektic,7,2451,Ricardo Lamas (2018-06-09)
402,Sarah Kaufman,4,2450,Valentina Shevchenko (2015-12-19)
403,Jack Hermansson,6,2450,Thiago Santos (2017-10-28)
404,Cindy Dandois,1,2450,Alexis Davis (2017-04-22)
405,Igor Araujo,4,2450,Ildemar Alcantara (2013-10-09)
406,Christophe Leininger,2,2450,Guy Mezger (1997-05-30)
407,Alexandre Ferreira,1,2450,Vladimir Matyushenko (2010-11-13)
408,Zak Cummings,9,2449,Michel Prazeres (2018-05-19)
409,Erick Silva,15,2449,Matt Brown (2014-05-10)
410,Stanislav Nedkov,4,2448,Tom Watson (2013-02-16)
411,Cris Cyborg,5,2448,Tonya Evinger (2017-07-29)
412,Alex Garcia,9,2448,Ryan LaFlare (2018-04-21)
413,Marcin Bandel,2,2448,Stevie Ray (2015-04-11)
414,Jordan Rinaldi,3,2448,Gregor Gillespie (2018-01-27)
415,Ross Pearson,25,2448,Will Brooks (2016-07-08)
416,Gabriel Gonzaga,22,2448,Mirko Cro Cop (2007-04-21)
417,Koji Oishi,2,2447,Nick Diaz (2005-06-04)
418,Ken Shamrock,15,2447,Tito Ortiz (2002-11-22)
419,Dan Ige,2,2447,Julio Arce (2018-01-20)
420,João Zeferino,2,2446,Elias Silverio (2013-09-04)
421,Mike Whitehead,1,2446,Keith Jardine (2006-02-04)
422,Alexandre Barros,1,2446,Martin Kampmann (2009-01-17)
423,Bart Palaszewski,4,2446,Hatsu Hioki (2012-02-26)
424,Dean Lister,6,2446,Nate Marquardt (2007-01-25)
425,Zach Makovsky,7,2446,Joseph Benavidez (2016-02-06)
426,Dave Herman,5,2446,Antônio Rodrigo Nogueira (2012-10-13)
427,Ben Saunders,16,2446,Jon Fitch (2010-03-27)
428,Tim Means,17,2445,Alex Oliveira (2016-12-30)
429,Wilson Reis,11,2445,Demetrious Johnson (2017-04-15)
430,Mike Santiago,3,2445,Zabit Magomedsharipov (2017-09-02)
431,Gerald Meerschaert,5,2445,Oskar Piechota (2018-07-06)
432,Heather Jo Clark,3,2444,Karolina Kowalkiewicz (2016-05-08)
433,Gina Mazany,3,2444,Sara McMann (2017-02-19)
434,Terrion Ware,4,2444,Tom Duquesnoy (2018-03-17)
435,Jamie Varner,9,2443,Edson Barboza (2012-05-26)
436,Karl Roberson,2,2443,Cezar Ferreira (2018-05-12)
437,Dennis Bermudez,16,2443,Tatsuya Kawajiri (2016-02-21)
438,Muslim Salikhov,2,2442,Ricky Rainey (2018-04-14)
439,Francisco Trinaldo,18,2442,James Vick (2018-02-18)
440,Pete Williams,8,2442,Semmy Schilt (2001-05-04)
441,Nik Lentz,21,2442,Chad Mendes (2013-12-14)
442,Iuri Alcantara,18,2441,Luke Sanders (2017-03-04)
443,Ryan Roberts,1,2441,Marcus Aurelio (2008-04-02)
444,Joe Gigliotti,2,2440,Gerald Meerschaert (2016-12-09)
445,Nathan Coy,3,2440,Danny Roberts (2015-12-10)
446,Joseph Duffy,6,2440,James Vick (2017-11-04)
447,Dominique Steele,5,2440,Dong Hyun Kim (2015-11-28)
448,John Howard,14,2439,Thiago Alves (2010-12-11)
449,Brandon Vera,16,2439,Mauricio Rua (2012-08-04)
450,Joseph Benavidez,15,2439,Demetrious Johnson (2013-12-14)
451,Andre Ewell,1,2439,Renan Barao (2018-09-22)
452,Neil Wain,1,2438,Shane Carwin (2008-10-18)
453,Joey Gomez,2,2438,Rob Font (2016-01-17)
454,Joe Lauzon,26,2438,George Sotiropoulos (2010-11-20)
455,Johnny Eduardo,7,2438,Aljamain Sterling (2015-12-10)
456,Kyle Bochniak,5,2438,Zabit Magomedsharipov (2018-04-07)
457,Mike Pyle,19,2437,Matt Brown (2013-08-17)
458,Mike Pierce,14,2437,Josh Koscheck (2012-02-04)
459,Nordine Taleb,9,2437,Santiago Ponzinibbio (2017-02-19)
460,Luke Jumeau,3,2437,Daichi Abe (2018-02-11)
461,Belal Muhammad,7,2436,Tim Means (2017-11-19)
462,Jessica Andrade,14,2436,Joanna Jedrzejczyk (2017-05-13)
463,Stephan Bonnar,15,2436,Anderson Silva (2012-10-13)
464,Mats Nilsson,2,2436,Luke Barnatt (2014-03-08)
465,Chris Camozzi,19,2436,Ronaldo Souza (2015-04-18)
466,C.B. Dollaway,20,2435,Lyoto Machida (2014-12-20)
467,Walt Harris,10,2435,Fabricio Werdum (2017-10-07)
468,Bubba McDaniel,3,2435,Brad Tavares (2013-08-28)
469,Brandon Moreno,5,2435,Louis Smolka (2016-10-01)
470,Matt Schnell,4,2435,Naoki Inoue (2018-06-23)
471,Julio Arce,2,2434,Dan Ige (2018-01-20)
472,Tecia Torres,9,2434,Jessica Andrade (2018-02-24)
473,Stevie Ray,8,2432,Joe Lauzon (2017-04-22)
474,Crafton Wallace,2,2432,Nate Marquardt (2006-10-10)
475,Marcio Cruz,4,2432,Frank Mir (2006-02-04)
476,Liz Carmouche,8,2432,Ronda Rousey (2013-02-23)
477,Jake Rosholt,3,2432,Dan Miller (2009-02-07)
478,Jesse Bongfeldt,2,2432,Chris Weidman (2011-06-11)
479,Oleksiy Oliynyk,8,2432,Mark Hunt (2018-09-15)
480,Alexis Davis,9,2432,Ronda Rousey (2014-07-05)
481,Cortney Casey,9,2432,Felice Herrig (2017-12-02)
482,Vinc Pichel,6,2432,Gregor Gillespie (2018-06-01)
483,Leon Edwards,10,2432,Donald Cerrone (2018-06-23)
484,Matt Serra,14,2432,Georges St-Pierre (2008-04-19)
485,Alan Belcher,15,2431,Rousimar Palhares (2012-05-05)
486,Joe Stevenson,16,2431,Kenny Florian (2008-11-15)
487,Roger Narvaez,3,2431,Luke Barnatt (2014-11-22)
488,Kimo Leopoldo,6,2431,Ken Shamrock (1996-02-16)
489,Karo Parisyan,13,2431,Thiago Alves (2008-04-02)
490,Magnus Cedenblad,6,2430,Scott Askham (2014-10-04)
491,Hatsu Hioki,8,2430,Clay Guida (2013-01-26)
492,Mayra Bueno Silva,1,2430,Gillian Robertson (2018-09-22)
493,Albert Tumenov,8,2430,Gunnar Nelson (2016-05-08)
494,James Krause,10,2430,Jorge Masvidal (2014-09-27)
495,Warlley Alves,9,2430,James Krause (2018-08-25)
496,Reese Andy,2,2429,Brandon Vera (2008-07-19)
497,Paul Craig,4,2429,Magomed Ankalaev (2018-03-17)
498,Luiz Cane,9,2429,Antonio Rogerio Nogueira (2009-11-21)
499,Derek Downey,1,2429,Nick Catone (2009-02-07)
500,Sanae Kikuta,1,2429,Eugene Jackson (2000-04-14)
501,Hyun Gyu Lim,7,2429,Tarec Saffiedine (2014-01-04)
502,Yasuhiro Urushitani,2,2428,Joseph Benavidez (2012-03-03)
503,Jarred Brooks,4,2428,Jose Torres (2018-06-01)
504,Tai Tuivasa,3,2428,Andrei Arlovski (2018-06-09)
505,Dennis Siver,21,2428,Conor McGregor (2015-01-18)
506,Bas Rutten,2,2427,Tsuyoshi Kosaka (1999-01-08)
507,Fabio Maldonado,11,2427,Stipe Miocic (2014-05-31)
508,Danny Roberts,7,2427,David Zawada (2018-07-22)
509,Cezar Ferreira,13,2427,Jorge Masvidal (2015-07-12)
510,Alan Patrick,7,2427,Stevie Ray (2016-09-24)
511,Ricardo Funch,4,2426,Mike Pyle (2012-01-14)
512,Rodney Wallace,3,2426,Phil Davis (2010-08-07)
513,Nikita Krylov,10,2426,Jan Blachowicz (2018-09-15)
514,Trevor Smith,10,2425,Thales Leites (2014-04-11)
515,Bharat Kandare,1,2425,Yadong Song (2017-11-25)
516,Dong Hyun Kim,23,2424,Tyron Woodley (2014-08-23)
517,Carlos Eduardo Rocha,3,2424,Jake Ellenberger (2011-02-05)
518,Dan Miller,13,2424,Nate Marquardt (2011-03-19)
519,Leonardo Santos,6,2424,Adriano Martins (2016-10-08)
520,Zak Ottow,6,2423,Sergio Moraes (2016-11-19)
521,Tom Lawlor,11,2423,Chris Weidman (2011-11-19)
522,Christos Giagos,4,2423,Charles Oliveira (2018-09-22)
523,Valeri Ignatov,2,2423,Evan Tanner (1999-03-05)
524,Matt Frevola,1,2421,Polo Reyes (2018-01-14)
525,Justin James,1,2421,Clay Guida (2006-10-14)
526,Jason Thacker,1,2420,Chris Leben (2005-04-09)
527,Elvis Sinosic,7,2420,Tito Ortiz (2001-06-29)
528,Joe Riggs,12,2420,Diego Sanchez (2006-12-13)
529,Antonio Mendes,2,2420,Thiago Silva (2008-05-24)
530,Thomas Almeida,8,2420,Jimmie Rivera (2017-07-22)
531,Bryan Caraway,9,2420,Aljamain Sterling (2016-05-29)
532,Brian Camozzi,3,2420,Randy Brown (2016-12-09)
533,Roger Zapata,1,2420,Shinsho Anzai (2015-09-27)
534,Vicente Luque,9,2420,Leon Edwards (2017-03-18)
535,Matt Mitrione,14,2419,Travis Browne (2016-01-17)
536,Jake Matthews,10,2419,Johnny Case (2016-03-20)
537,Sergio Moraes,11,2419,Kamaru Usman (2017-09-16)
538,Olivier Aubin-Mercier,10,2419,Evan Dunham (2018-04-07)
539,Justin Eilers,4,2419,Andrei Arlovski (2005-06-04)
540,Todd Duffee,5,2419,Frank Mir (2015-07-15)
541,Josh Burkman,19,2419,Hector Lombard (2015-01-03)
542,Zabit Magomedsharipov,4,2418,Mike Santiago (2017-09-02)
543,Norman Parke,9,2418,Rustam Khabilov (2016-02-27)
544,Alberto Crane,2,2418,Roger Huerta (2007-08-25)
545,Brandon Thatch,6,2418,Benson Henderson (2015-02-14)
546,Sara McMann,10,2417,Ronda Rousey (2014-02-22)
547,Nathaniel Wood,1,2417,Johnny Eduardo (2018-06-01)
548,Johnny Case,6,2416,Frankie Perez (2015-01-18)
549,Dan Severn,13,2415,Ken Shamrock (1996-05-17)
550,Paulo Thiago,13,2415,Jon Fitch (2009-07-11)
551,Andre Pederneiras,1,2415,Pat Miletich (1999-07-16)
552,Nasrat Haqparast,2,2415,Marc Diakiese (2018-07-22)
553,Russell Doane,8,2415,Mirsad Bektic (2016-10-08)
554,Kazuhiro Nakamura,2,2414,Rameau Thierry Sokoudjou (2008-05-24)
555,Rameau Thierry Sokoudjou,3,2414,Lyoto Machida (2007-12-29)
556,Dustin Ortiz,13,2414,Joseph Benavidez (2014-11-22)
557,Martin Svensson,1,2414,David Teymur (2016-02-27)
558,Megan Anderson,1,2414,Holly Holm (2018-06-09)
559,Paul Creighton,1,2414,B.J. Penn (2002-05-10)
560,Geane Herrera,4,2414,Ali Bagautinov (2016-06-18)
561,Darren Stewart,6,2414,Julian Marquez (2017-12-16)
562,Danielle Taylor,5,2414,Weili Zhang (2018-08-04)
563,Patrick Williams,4,2413,Tom Duquesnoy (2017-04-15)
564,Takeya Mizugaki,14,2413,Dominick Cruz (2014-09-27)
565,Marcos Vinicius,3,2413,Ali Bagautinov (2013-09-04)
566,Matt Sayles,1,2413,Sheymon Moraes (2018-08-04)
567,Jason High,5,2413,Rafael dos Anjos (2014-06-07)
568,Matt Hamill,15,2413,Quinton Jackson (2011-05-28)
569,Kenny Robertson,9,2413,Ben Saunders (2015-07-25)
570,Sean O'Malley,2,2413,Andre Soukhamthath (2018-03-03)
571,Daniel Sarafian,6,2412,Kiichi Kunimoto (2014-06-14)
572,Bojan Velickovic,6,2412,Darren Till (2017-09-02)
573,Sean Pierson,6,2411,Jake Ellenberger (2011-04-30)
574,Viktor Pesta,5,2411,Konstantin Erokhin (2015-01-24)
575,Arjan Bhullar,2,2410,Adam Wieczorek (2018-04-14)
576,Frankie Perez,4,2410,Marc Diakiese (2016-12-09)
577,James Giboo,1,2410,Brad Blackburn (2008-07-19)
578,Buddy Roberts,2,2410,Yushin Okami (2012-08-11)
579,Murilo Bustamante,4,2409,Chuck Liddell (2001-09-28)
580,Dennis Hallman,9,2409,Karo Parisyan (2010-11-20)
581,Misha Cirkunov,6,2409,Glover Teixeira (2017-12-16)
582,Ryan Jimmo,7,2409,Ovince Saint Preux (2014-06-14)
583,TJ Waldburger,8,2408,Brian Ebersole (2012-06-22)
584,Assuerio Silva,3,2408,Brandon Vera (2006-05-27)
585,Cheick Kongo,18,2408,Mirko Cro Cop (2007-09-08)
586,Shamil Abdurakhimov,6,2407,Derrick Lewis (2016-12-09)
587,Chris Spang,1,2407,Adlan Amagov (2013-04-06)
588,Jared Rosholt,8,2407,Soa Palelei (2014-06-28)
589,Guan Wang,1,2406,Alex Caceres (2017-11-25)
590,John Alessio,5,2406,Diego Sanchez (2006-05-27)
591,Tatiana Suarez,4,2406,Carla Esparza (2018-09-08)
592,Gian Villante,13,2406,Mauricio Rua (2017-03-11)
593,Amilcar Alves,2,2405,Mike Pierce (2010-08-28)
594,Elias Theodorou,9,2405,Cezar Ferreira (2017-02-19)
595,Mike Russow,6,2404,Fabricio Werdum (2012-06-23)
596,Oluwale Bamgbose,5,2404,Paulo Costa (2017-06-03)
597,Roberto Sanchez,3,2404,Jarred Brooks (2018-09-08)
598,Tony Sims,3,2404,Abel Trujillo (2016-01-02)
599,Mike Van Arsdale,4,2403,Randy Couture (2005-08-20)
600,Mark Coleman,12,2403,Dan Severn (1997-02-07)
601,Lukasz Sajewski,3,2403,Marc Diakiese (2016-10-08)
602,Humberto Bandenay,2,2403,Gabriel Benitez (2018-05-19)
603,Ben Nguyen,6,2403,Louis Smolka (2016-07-13)
604,Danny Castillo,14,2402,Tony Ferguson (2014-08-30)
605,Gleison Tibau,28,2402,Tony Ferguson (2015-02-28)
606,Tina Lähdemäki,1,2402,Claudia Gadelha (2014-07-16)
607,Rony Jason,6,2402,Dennis Bermudez (2016-08-06)
608,Adlan Amagov,2,2402,TJ Waldburger (2013-10-19)
609,Maryna Moroz,6,2402,Joanne Calderwood (2015-04-11)
610,Chris Wilson,4,2402,Jon Fitch (2008-03-01)
611,Jason Brilz,7,2402,Antonio Rogerio Nogueira (2010-05-29)
612,Nico Musoke,6,2401,Albert Tumenov (2015-01-24)
613,Ricky Rainey,1,2401,Muslim Salikhov (2018-04-14)
614,Jeremy Kennedy,4,2401,Alexander Volkanovski (2018-02-11)
615,Renato Verissimo,3,2400,Matt Hughes (2004-06-19)
616,Andrew Craig,7,2400,Lyman Good (2015-07-15)
617,Nick Roehrick,1,2400,Jared Cannonier (2017-07-07)
618,John Makdessi,15,2399,Donald Cerrone (2015-05-23)
619,Jeremy Horn,13,2399,Chuck Liddell (2005-08-20)
620,Rodrigo Damm,7,2399,Rashid Magomedov (2014-05-31)
621,Tyson Griffin,14,2399,Sean Sherk (2008-10-25)
622,Rob Yundt,2,2399,Ricardo Almeida (2008-02-02)
623,Jorge Santiago,6,2399,Demian Maia (2011-10-08)
624,Ion Cutelaba,5,2399,Gadzhimurad Antigulov (2018-07-28)
625,Curtis Millender,2,2398,Max Griffin (2018-07-07)
626,Antonio Carlos Junior,10,2398,Tim Boetsch (2018-04-14)
627,Chris Wade,7,2398,Rustam Khabilov (2016-05-08)
628,Takenori Sato,2,2398,Erick Silva (2014-02-15)
629,Julian Erosa,2,2398,Marcin Wrzosek (2015-12-11)
630,Michel Prazeres,11,2398,Zak Cummings (2018-05-19)
631,Rafael Natal,17,2397,Robert Whittaker (2016-04-23)
632,Brian Johnston,6,2397,Ken Shamrock (1996-12-07)
633,Douglas Silva de Andrade,5,2397,Rob Font (2017-07-08)
634,Jennifer Maia,1,2397,Liz Carmouche (2018-07-14)
635,Tamdan McCrory,9,2396,Akihiro Gono (2007-11-17)
636,Saparbek Safarov,2,2396,Tyson Pedro (2018-02-11)
637,Vagner Rocha,4,2396,Donald Cerrone (2011-06-11)
638,Gregor Gillespie,5,2396,Vinc Pichel (2018-06-01)
639,Akira Corassani,6,2396,Dustin Poirier (2014-04-16)
640,Hayato Sakurai,1,2395,Matt Hughes (2002-03-22)
641,Benito Lopez,1,2395,Albert Morales (2017-12-09)
642,Jason Day,3,2395,Michael Bisping (2008-06-07)
643,Omari Akhmedov,9,2395,Gunnar Nelson (2014-03-08)
644,Garreth McLellan,5,2395,Magnus Cedenblad (2016-05-08)
645,Ricardo Ramos,3,2395,Kyung Ho Kang (2018-08-04)
646,Nick Penner,2,2395,Cody Donovan (2012-12-15)
647,Efrain Escudero,12,2395,Leonardo Santos (2014-09-13)
648,Travis Lutter,6,2395,Rich Franklin (2008-04-19)
649,Jason Gonzalez,3,2395,Gregor Gillespie (2017-09-16)
650,Shane Campbell,5,2395,Elias Silverio (2015-08-23)
651,Miguel Torres,4,2395,Demetrious Johnson (2011-05-28)
652,Dan Hooker,10,2395,Marc Diakiese (2017-12-30)
653,Wes Sims,3,2395,Frank Mir (2004-01-31)
654,Fabricio Camoes,6,2395,Jim Miller (2013-12-28)
655,Jim Mullen,1,2394,Scott Ferrozzo (1997-02-07)
656,Juliana Lima,7,2394,Tecia Torres (2017-07-07)
657,Hermes Franca,11,2394,Sean Sherk (2007-07-07)
658,Nick Ring,6,2394,Riki Fukuda (2011-02-27)
659,Jake O'Brien,7,2394,Andrei Arlovski (2008-03-01)
660,Keith Hackney,4,2394,Royce Gracie (1994-12-16)
661,Raquel Pennington,9,2393,Amanda Nunes (2018-05-12)
662,William Macario,4,2393,Neil Magny (2014-10-25)
663,Sean Salmon,2,2393,Rashad Evans (2007-01-25)
664,Carlos Diego Ferreira,6,2393,Dustin Poirier (2015-04-04)
665,Jessica Eye,9,2393,Alexis Davis (2014-02-22)
666,Damian Stasiak,6,2392,Pingyuan Liu (2018-07-22)
667,Rani Yahya,15,2392,Chad Mendes (2011-08-06)
668,Yaotzin Meza,7,2392,Chad Mendes (2012-12-15)
669,Ryo Chonan,4,2392,Karo Parisyan (2007-11-17)
670,Yui Chul Nam,3,2392,Phillipe Nover (2015-05-16)
671,Brad Pickett,14,2392,Urijah Faber (2016-12-17)
672,Bojan Mihajlovic,3,2392,Abdul-Kerim Edilov (2017-09-02)
673,Leonardo Mafra,4,2392,Rick Story (2014-07-16)
674,Marcio Alexandre Jr.,3,2392,Warlley Alves (2014-05-31)
675,Melvin Guillard,22,2391,Donald Cerrone (2012-08-11)
676,Chris Gruetzemacher,4,2391,Chas Skelly (2017-02-04)
677,Soa Palelei,7,2390,Ruan Potts (2014-05-10)
678,Jeff Monson,7,2390,Tim Sylvia (2006-11-18)
679,James Te Huna,10,2390,Glover Teixeira (2013-05-25)
680,Randa Markos,10,2390,Marina Rodriguez (2018-09-22)
681,Chris Dempsey,4,2390,Jonathan Wilson (2015-08-08)
682,Mike Wessel,1,2390,Antoni Hardonk (2008-12-27)
683,Matt Veach,3,2389,Frankie Edgar (2009-12-05)
684,Akihiro Gono,3,2389,Jon Fitch (2009-01-31)
685,Ricco Rodriguez,7,2389,Randy Couture (2002-09-27)
686,Goran Reljic,4,2389,Wilson Gouveia (2008-05-24)
687,Ikuhisa Minowa,1,2389,Joe Slick (2000-04-14)
688,Reza Madadi,7,2389,Yoislandy Izquierdo (2012-04-14)
689,Sergio Pettis,12,2389,Joseph Benavidez (2018-06-09)
690,Mike Swick,15,2388,Yushin Okami (2007-04-07)
691,Akbarh Arreola,4,2388,Tiago Trator (2014-07-26)
692,K.J. Noons,6,2388,Donald Cerrone (2013-05-25)
693,Claude Patrick,4,2388,Brian Ebersole (2011-12-10)
694,Chase Sherman,7,2388,Augusto Sakai (2018-09-22)
695,Brian Houston,2,2387,Derek Brunson (2013-11-06)
696,Ricardo Almeida,11,2387,Matt Hughes (2010-08-07)
697,Ivan Salaverry,7,2387,Nate Marquardt (2005-08-06)
698,Alex Perez,3,2387,Jose Torres (2018-08-04)
699,Francisco Rivera,11,2387,Urijah Faber (2014-12-06)
700,Court McGee,13,2386,Ryan LaFlare (2013-12-14)
701,Cathal Pendred,6,2386,Tom Breese (2015-10-24)
702,Tyson Pedro,5,2386,Ovince Saint Preux (2018-06-23)
703,Lyman Good,2,2386,Elizeu Zaleski dos Santos (2017-07-22)
704,Julianna Pena,5,2386,Valentina Shevchenko (2017-01-28)
705,Kwan Ho Kwak,2,2386,Brett Johns (2016-11-19)
706,George Sullivan,7,2386,Alexander Yakovlev (2016-01-30)
707,Erik Koch,9,2385,Ricardo Lamas (2013-01-26)
708,Hans Stringer,3,2385,Fabio Maldonado (2014-10-25)
709,JJ Aldrich,4,2385,Polyana Viana (2018-08-04)
710,Jacob Volkmann,10,2385,Bobby Green (2013-02-02)
711,Júnior Albini,3,2385,Timothy Johnson (2017-07-22)
712,Bryce Mitchell,1,2384,Tyler Diamond (2018-07-06)
713,James Bochnovic,2,2384,Markus Perez (2018-05-12)
714,Chan-Mi Jeon,2,2384,Syuri Kondo (2017-09-23)
715,Chad Laprise,9,2383,Vicente Luque (2018-05-19)
716,Ron Stallings,3,2383,Uriah Hall (2015-01-18)
717,Kazuki Tokudome,4,2383,Yui Chul Nam (2014-03-01)
718,Kalib Starnes,5,2383,Yushin Okami (2006-10-14)
719,Matheus Nicolau,4,2382,Dustin Ortiz (2018-07-28)
720,Shawn Jordan,10,2382,Mike Russow (2013-01-26)
721,Ed Herman,20,2382,Jake Shields (2012-08-11)
722,Valerie Letourneau,6,2382,Joanna Jedrzejczyk (2015-11-15)
723,Gilbert Burns,9,2382,Rashid Magomedov (2015-11-07)
724,Darren Uyenoyama,4,2381,Joseph Benavidez (2013-04-20)
725,Veronica Macedo,2,2381,Andrea Lee (2018-05-19)
726,Brandon Melendez,1,2381,Joe Lauzon (2007-06-23)
727,Lavar Johnson,4,2380,Stefan Struve (2012-05-26)
728,Michinori Tanaka,5,2380,Rani Yahya (2016-09-24)
729,Cory Sandhagen,2,2380,Iuri Alcantara (2018-08-25)
730,Jodie Esquibel,2,2380,Karolina Kowalkiewicz (2017-10-21)
731,Valmir Lazaro,3,2379,James Krause (2015-02-28)
732,Kiichi Kunimoto,5,2379,Neil Magny (2015-02-14)
733,Joe Doerksen,9,2379,Nate Marquardt (2006-03-04)
734,Andre Fili,11,2379,Dennis Bermudez (2018-01-27)
735,Marvin Eastman,5,2379,Quinton Jackson (2007-02-03)
736,Steve Lopez,2,2379,Jim Miller (2009-09-19)
737,George Sotiropoulos,11,2378,Joe Stevenson (2010-02-21)
738,Frankie Saenz,8,2378,Urijah Faber (2015-12-12)
739,Neil Seery,7,2378,Kyoji Horiguchi (2016-05-08)
740,Daniel Roberts,7,2378,John Howard (2010-03-21)
741,Caol Uno,10,2378,B.J. Penn (2003-02-28)
742,Jason Godsey,2,2377,Jeremy Horn (1999-09-24)
743,Johnny Bedford,6,2377,Rani Yahya (2014-04-11)
744,Steve Vigneault,1,2377,Mike Swick (2006-03-04)
745,Justin Ledet,4,2377,Mark Godbeer (2016-11-19)
746,Jessica Penne,4,2377,Joanna Jedrzejczyk (2015-06-20)
747,Paul Buentello,6,2376,Andrei Arlovski (2005-10-07)
748,Paul Redmond,2,2376,Mirsad Bektic (2015-01-24)
749,Leo Kuntz,2,2376,Islam Makhachev (2015-05-23)
750,Riki Fukuda,5,2375,Costas Philippou (2012-07-07)
751,Roger Bowling,3,2375,Abel Trujillo (2013-08-28)
752,Chris Kelades,4,2375,Ray Borg (2015-02-14)
753,Paul Sass,5,2375,Jacob Volkmann (2012-05-26)
754,Randy Brown,7,2375,Niko Price (2018-07-14)
755,Pat Barry,12,2375,Mirko Cro Cop (2010-06-12)
756,Josh Clopton,2,2375,Rani Yahya (2013-08-03)
757,Luke Barnatt,6,2375,Sean Strickland (2014-05-31)
758,Peter Sobotta,9,2375,Leon Edwards (2018-03-17)
759,David Bielkheden,3,2374,Diego Sanchez (2008-03-01)
760,Nate Quarry,10,2374,Rich Franklin (2005-11-19)
761,Jordan Johnson,4,2373,Adam Yandiev (2018-09-15)
762,Frank Camacho,4,2373,Li Jingliang (2017-06-17)
763,Joaquim Silva,4,2373,Andrew Holbrook (2016-07-08)
764,Abel Trujillo,11,2372,Khabib Nurmagomedov (2013-05-25)
765,Mike Rodriguez,1,2372,Devin Clark (2018-04-07)
766,Bruno Rodrigues,1,2372,Matheus Nicolau (2015-11-07)
767,Greg Stott,1,2372,Mark Kerr (1997-10-17)
768,Ketlen Vieira,4,2372,Sara McMann (2017-09-09)
769,Mairbek Taisumov,8,2372,Alan Patrick (2015-06-20)
770,Louis Smolka,10,2372,Neil Seery (2015-07-11)
771,Justin Scoggins,9,2371,Said Nurmagomedov (2018-07-14)
772,Charles Byrd,2,2371,John Phillips (2018-03-17)
773,Ryan Hall,2,2371,Artem Lobov (2015-12-11)
774,Joanne Calderwood,7,2371,Seo Hee Ham (2014-12-12)
775,Bobby Hoffman,3,2370,Josh Barnett (2001-11-02)
776,Michael McBride,2,2370,Nik Lentz (2016-09-10)
777,Nicco Montaño,1,2370,Roxanne Modafferi (2017-12-01)
778,Alejandro Perez,9,2370,Matthew Lopez (2018-04-14)
779,Peggy Morgan,1,2369,Jessamyn Duke (2013-11-30)
780,José Maria Tomé,2,2368,Dustin Ortiz (2013-11-09)
781,Dominick Reyes,4,2368,Ovince St. Preux (2018-10-06)
782,Dan Christison,2,2368,Frank Mir (2006-07-08)
783,Andrew Holbrook,5,2368,Gregor Gillespie (2017-04-08)
784,Nick Agallar,1,2368,Yves Edwards (2003-11-21)
785,Maurice Smith,7,2367,Mark Coleman (1997-07-27)
786,Mirko Cro Cop,11,2367,Frank Mir (2010-09-25)
787,Seo Hee Ham,4,2367,Joanne Calderwood (2014-12-12)
788,Paul Bradley,2,2367,Mike Pierce (2011-11-12)
789,Katsunori Kikuno,5,2367,Diego Brandao (2015-09-27)
790,Allen Crowder,1,2366,Justin Willis (2017-12-02)
791,Marcin Held,4,2366,Joe Lauzon (2017-01-15)
792,Andrew Sanchez,5,2366,Trevor Smith (2016-12-09)
793,Kyung Ho Kang,6,2366,Shunichi Shimizu (2014-01-04)
794,Mac Danzig,13,2366,Jim Miller (2009-07-11)
795,John Cholish,3,2366,Gleison Tibau (2013-05-18)
796,Branden Lee Hinkle,3,2366,Jason Lambert (2006-06-28)
797,Josh Schockman,1,2366,Jake O'Brien (2006-11-18)
798,Ian Loveland,3,2366,Joseph Benavidez (2011-03-19)
799,Marcos Rogerio de Lima,7,2366,Gadzhimurad Antigulov (2016-11-19)
800,Maximo Blanco,9,2365,Luke Sanders (2016-01-17)
801,Jerrod Sanders,4,2365,Pedro Munhoz (2014-10-04)
802,Vinny Magalhaes,5,2365,Phil Davis (2013-04-27)
803,Jason Saggo,6,2365,Rustam Khabilov (2016-12-10)
804,Shane Primm,1,2365,Krzysztof Soszynski (2008-12-13)
805,Piotr Hallmann,6,2365,Gleison Tibau (2014-09-13)
806,Lucie Pudilova,4,2365,Ji Yeon Kim (2017-06-17)
807,Kerry Schall,1,2365,Keith Jardine (2005-11-05)
808,Kurt Pellegrino,12,2365,George Sotiropoulos (2010-07-03)
809,Che Mills,4,2365,Rory MacDonald (2012-04-21)
810,Phillipe Nover,7,2364,Yui Chul Nam (2015-05-16)
811,Alex Morono,6,2364,Keita Nakamura (2017-09-23)
812,Godofredo Pepey,11,2364,Shane Burgos (2017-07-22)
813,Kyle Kingsbury,9,2364,Ricardo Romero (2011-02-05)
814,Felice Herrig,8,2364,Alexa Grasso (2017-02-04)
815,Duane Ludwig,9,2364,Jim Miller (2010-01-02)
816,Jonathan Goulet,9,2364,Mike Swick (2008-12-10)
817,Jason MacDonald,14,2364,Alan Belcher (2011-09-17)
818,Gavin Tucker,2,2363,Rick Glenn (2017-09-09)
819,Sean O'Connell,7,2363,Corey Anderson (2016-12-09)
820,Abdul Razak Alhassan,5,2363,Niko Price (2018-09-08)
821,Sam Stout,20,2363,Caros Fodor (2013-02-23)
822,Eric Spicely,6,2363,Gerald Meerschaert (2017-12-01)
823,Nina Ansaroff,5,2363,Angela Hill (2017-11-11)
824,Anthony Christodoulou,2,2363,Mairbek Taisumov (2015-01-24)
825,Curt Warburton,3,2363,Joe Lauzon (2011-06-26)
826,Charlie Brenneman,11,2362,Rick Story (2011-06-26)
827,Eric Schafer,9,2362,Antonio Mendes (2009-01-17)
828,Matt Wiman,15,2362,Dennis Siver (2011-07-02)
829,Mike Wilkinson,4,2362,Niklas Backstrom (2014-10-04)
830,Anthony Perosh,12,2362,Ryan Bader (2013-12-07)
831,Markus Perez,3,2362,Eryk Anders (2017-12-09)
832,Cyrille Diabate,8,2362,Tom DeBlass (2012-04-14)
833,Mike Easton,7,2362,Ivan Menjivar (2012-07-07)
834,Drew Fickett,7,2361,Karo Parisyan (2006-12-13)
835,Teruto Ishihara,8,2361,Petr Yan (2018-06-23)
836,Julio Paulino,2,2361,Mike Pierce (2010-03-21)
837,Katlyn Chookagian,5,2361,Alexis Davis (2018-07-28)
838,Jim Alers,4,2361,Chas Skelly (2015-02-14)
839,Anthony Hamilton,10,2361,Adam Wieczorek (2017-11-19)
840,Daron Cruickshank,13,2361,Jorge Masvidal (2014-07-26)
841,Keita Nakamura,9,2360,Tom Breese (2016-02-27)
842,Diego Brandao,10,2360,Conor McGregor (2014-07-19)
843,Yuki Sasaki,1,2360,Dean Lister (2006-08-17)
844,Leandro Issa,5,2360,Ulka Sasaki (2014-12-20)
845,Gan McGee,4,2360,Pedro Rizzo (2002-09-27)
846,Leandro Silva,8,2359,Rustam Khabilov (2016-09-03)
847,George Roop,13,2359,Hatsu Hioki (2011-10-29)
848,Marvin Vettori,5,2359,Israel Adesanya (2018-04-14)
849,Li Jingliang,10,2359,Keita Nakamura (2015-09-27)
850,Guto Inocente,2,2358,Anthony Perosh (2014-11-07)
851,Rosi Sexton,2,2358,Alexis Davis (2013-06-15)
852,Pedro Nobre,1,2358,Iuri Alcantara (2013-01-19)
853,Anthony Njokuani,8,2358,Rafael dos Anjos (2012-07-11)
854,Marcus Davis,15,2358,Mike Swick (2008-06-07)
855,Weili Zhang,1,2358,Danielle Taylor (2018-08-04)
856,Gabriel Benitez,7,2358,Jason Knight (2017-12-09)
857,Phil Baroni,10,2358,Matt Lindland (2003-02-28)
858,Andre Gusmao,2,2358,Krzysztof Soszynski (2009-05-23)
859,Ruan Potts,3,2357,Soa Palelei (2014-05-10)
860,Kuniyoshi Hironaka,4,2357,Jon Fitch (2006-10-14)
861,Leigh Remedios,1,2357,Genki Sudo (2002-07-13)
862,Jorge Patino,1,2357,Pat Miletich (1999-01-08)
863,David Mitchell,5,2357,Mike Pierce (2013-07-06)
864,Mark Bocek,13,2357,Rafael dos Anjos (2012-11-17)
865,Travis Wiuff,2,2356,Vladimir Matyushenko (2002-11-22)
866,Joe Ellenberger,2,2356,James Moontasri (2014-06-28)
867,Mike Rhodes,3,2356,Erick Silva (2014-12-20)
868,Jonathan Brookins,5,2356,Charles Oliveira (2012-06-01)
869,Shayna Baszler,2,2355,Bethe Correia (2014-08-30)
870,Christian Morecraft,4,2355,Matt Mitrione (2011-06-26)
871,Merab Dvalishvili,3,2355,Ricky Simon (2018-04-21)
872,Hu Yaozong,1,2355,Cyril Asker (2017-11-25)
873,Chris Leben,22,2355,Mark Munoz (2011-11-05)
874,Byron Bloodworth,2,2355,Erik Perez (2012-12-29)
875,Tom DeBlass,2,2354,Riki Fukuda (2012-11-10)
876,Henry Briones,5,2354,Rani Yahya (2017-08-05)
877,Thiago Tavares,18,2354,Doo Ho Choi (2016-07-08)
878,Ivan Menjivar,9,2354,Urijah Faber (2013-02-23)
879,Seth Baczynski,11,2353,Mike Pierce (2012-12-15)
880,Matt Bessette,2,2353,Enrique Barzola (2018-01-20)
881,Elvis Mutapcic,3,2352,Francimar Barroso (2016-01-17)
882,Brad Imes,3,2352,Heath Herring (2007-04-07)
883,Evan Tanner,17,2351,Tito Ortiz (2001-02-23)
884,Oleg Taktarov,9,2351,Ken Shamrock (1995-09-08)
885,Francimar Barroso,9,2351,Nikita Krylov (2016-05-08)
886,Mark Godbeer,4,2350,Walt Harris (2017-11-04)
887,Artem Lobov,6,2350,Cub Swanson (2017-04-22)
888,Chris Lytle,20,2350,Matt Hughes (2007-03-03)
889,Lewis Gonzalez,1,2350,Leandro Silva (2015-06-27)
890,Alex Caceres,19,2350,Urijah Faber (2014-07-05)
891,Manvel Gamburyan,15,2350,John Dodson (2016-04-16)
892,Angela Hill,8,2350,Tecia Torres (2015-06-13)
893,Elias Silverio,5,2349,Rashid Magomedov (2014-12-20)
894,Taylor Lapilus,4,2349,Ulka Sasaki (2015-06-20)
895,Kyoji Horiguchi,8,2349,Demetrious Johnson (2015-04-25)
896,Magomed Bibulatov,2,2349,John Moraga (2017-10-07)
897,Thibault Gouti,5,2348,Chad Laprise (2016-08-27)
898,Marcus Brimage,8,2348,Jimmie Rivera (2015-07-18)
899,Shane Roller,6,2348,Melvin Guillard (2011-07-02)
900,Bobby Voelker,4,2348,Robbie Lawler (2013-07-27)
901,Mario Miranda,4,2348,Demian Maia (2010-08-28)
902,Ryan Benoit,6,2348,Sergio Pettis (2015-03-14)
903,Denis Kang,3,2348,Michael Bisping (2009-11-14)
904,Denis Stojnic,2,2348,Cain Velasquez (2009-02-07)
905,Lucas Martins,7,2347,Mirsad Bektic (2015-05-30)
906,Bethe Correia,8,2347,Ronda Rousey (2015-08-01)
907,Jutaro Nakao,2,2347,Tony DeSouza (2001-09-28)
908,Antonio Braga Neto,3,2346,Trevin Giles (2017-12-09)
909,Michał Oleksiejczuk,1,2346,Khalil Rountree Jr. (2017-12-30)
910,Nazareno Malegarie,1,2346,Joaquim Silva (2015-09-05)
911,Eddie Sanchez,6,2346,Mirko Cro Cop (2007-02-03)
912,Phillip Miller,2,2346,Mark Weir (2002-11-22)
913,Ronny Markes,5,2346,Andrew Craig (2013-01-19)
914,Brock Jardine,2,2346,Rick Story (2012-06-22)
915,Abner Lloveras,1,2345,Chris Gruetzemacher (2015-12-11)
916,Alessandro Ricci,2,2345,Paul Felder (2017-02-19)
917,Jared Gordon,3,2345,Carlos Diego Ferreira (2018-02-18)
918,Hernani Perpétuo,2,2345,Jordan Mein (2014-04-19)
919,Sean Spencer,8,2345,Cathal Pendred (2015-01-18)
920,Daniel Omielanczuk,9,2345,Stefan Struve (2016-10-08)
921,Lance Gibson,2,2345,Evan Tanner (2000-12-16)
922,Jesse Lennox,3,2345,Danillo Villefort (2009-08-08)
923,Chico Camus,8,2345,Kyoji Horiguchi (2015-09-27)
924,Tom Niinimaki,4,2344,Rani Yahya (2013-11-30)
925,Mike Lullo,2,2344,Edson Barboza (2010-11-20)
926,Tomasz Drwal,6,2344,Rousimar Palhares (2010-03-27)
927,Brian Bowles,4,2343,Urijah Faber (2011-11-19)
928,Roger Huerta,8,2343,Gray Maynard (2009-09-16)
929,Cynthia Calvillo,4,2343,Carla Esparza (2017-12-30)
930,Arnold Allen,4,2343,Makwan Amirkhani (2017-03-18)
931,Kendall Grove,13,2342,Demian Maia (2010-12-04)
932,Rex Holman,1,2342,Matt Hamill (2007-03-03)
933,Magomed Ankalaev,2,2342,Marcin Prachnio (2018-09-15)
934,Jonathan Meunier,2,2342,Colby Covington (2016-06-18)
935,Brian Melancon,2,2342,Seth Baczynski (2013-07-06)
936,Mara Borella,2,2342,Katlyn Chookagian (2018-01-27)
937,Dan Lauzon,3,2341,Spencer Fisher (2006-10-14)
938,Ruslan Magomedov,3,2341,Shawn Jordan (2015-10-03)
939,Nolan Ticman,2,2341,Frankie Saenz (2014-08-16)
940,Dokonjonosuke Mishima,2,2341,Joe Stevenson (2006-11-18)
941,Aaron Brink,1,2341,Andrei Arlovski (2000-11-17)
942,Galore Bofando,2,2340,Chad Laprise (2017-12-16)
943,Davey Grant,4,2340,Manny Bermudez (2018-07-22)
944,Marc Diakiese,6,2340,Drakkar Klose (2017-07-07)
945,Justin Willis,3,2340,Allen Crowder (2017-12-02)
946,John Hathaway,9,2340,Dong Hyun Kim (2014-03-01)
947,Clay Collard,4,2340,Max Holloway (2014-08-23)
948,Lauren Murphy,6,2340,Barb Honchak (2017-12-01)
949,Rodrigo de Lima,2,2340,Neil Magny (2014-06-28)
950,Floyd Sword,1,2340,Thales Leites (2007-06-23)
951,Tim Credeur,5,2339,Nate Quarry (2009-09-16)
952,Joey Gambino,2,2339,Steven Siler (2012-06-22)
953,Tom Watson,7,2339,Stanislav Nedkov (2013-02-16)
954,David Loiseau,9,2339,Rich Franklin (2006-03-04)
955,Rafaello Oliveira,8,2339,Gleison Tibau (2011-05-28)
956,Dustin Hazelett,10,2339,Josh Koscheck (2008-03-01)
957,Dan Evensen,2,2338,Cheick Kongo (2008-08-09)
958,Mark Hominick,7,2338,Jose Aldo (2011-04-30)
959,Damien Brown,6,2338,Dong Hyun Kim (2018-02-11)
960,Viviane Pereira,4,2338,Xiaonan Yan (2018-06-23)
961,Mizuto Hirota,6,2338,Alexander Volkanovski (2017-06-11)
962,Felipe Silva,3,2338,Mairbek Taisumov (2017-09-02)
963,Justin Levens,2,2338,Evan Tanner (2006-04-15)
964,Eliot Marshall,6,2338,Vladimir Matyushenko (2010-03-21)
965,Marcel Fortuna,3,2338,Jordan Johnson (2017-07-07)
966,Matt Lindland,12,2338,Pat Miletich (2002-03-22)
967,Michael Patt,2,2337,Brandon Vera (2009-03-07)
968,Angela Magana,3,2337,Tecia Torres (2014-12-12)
969,Ben Alloway,3,2337,Ryan LaFlare (2013-04-06)
970,Roxanne Modafferi,3,2337,Nicco Montaño (2017-12-01)
971,Justin McCully,4,2337,Gabriel Gonzaga (2008-07-05)
972,Julian Marquez,2,2337,Alessio Di Chirico (2018-07-06)
973,Rich Attonito,5,2337,David Branch (2010-12-04)
974,David Hood,1,2337,Scott Bessac (1995-09-08)
975,Steven Peterson,2,2337,Matt Bessette (2018-07-06)
976,Hector Urbina,3,2336,Bartosz Fabiński (2015-11-21)
977,Antonio dos Santos Jr.,2,2336,Scott Askham (2015-06-20)
978,Polyana Viana,2,2336,JJ Aldrich (2018-08-04)
979,Shane del Rosario,2,2336,Stipe Miocic (2012-05-26)
980,Antonio McKee,1,2336,Jacob Volkmann (2011-01-01)
981,Mike Massenzio,7,2336,Rousimar Palhares (2012-01-14)
982,Roger Hollett,2,2336,Matt Hamill (2012-09-22)
983,Sam Sicilia,12,2336,Doo Ho Choi (2015-11-28)
984,Darrell Montague,3,2335,Kyoji Horiguchi (2014-05-10)
985,Greg Soto,3,2335,Nick Osipczak (2010-08-28)
986,Will Campuzano,4,2335,Sergio Pettis (2013-11-16)
987,Jessica Aguilar,3,2335,Claudia Gadelha (2015-08-01)
988,Rin Nakai,2,2334,Miesha Tate (2014-09-20)
989,Nam Phan,8,2334,Dennis Siver (2012-12-08)
990,Shannon Gugerty,5,2334,Clay Guida (2010-03-21)
991,Lee Murray,1,2333,Jorge Rivera (2004-01-31)
992,Aaron Simpson,11,2333,Mike Pierce (2012-10-05)
993,Gil Castillo,3,2333,Matt Hughes (2002-11-22)
994,Alexa Grasso,4,2333,Tatiana Suarez (2018-05-19)
995,Jake Hecht,3,2333,Rich Attonito (2011-12-10)
996,Kyle Noke,12,2333,Keita Nakamura (2016-07-13)
997,Jenel Lausa,4,2333,Magomed Bibulatov (2017-04-08)
998,Eiji Mitsuoka,2,2333,Takanori Gomi (2012-02-26)
999,Mitch Gagnon,7,2333,Renan Barao (2014-12-20)
1000,Edwin Dewees,3,2333,Chris Leben (2005-10-03)
1001,Brandon Wolff,2,2333,Ben Saunders (2008-12-10)
1002,Dhiego Lima,6,2333,Eddie Gordon (2014-07-06)
1003,Nicolas Dalby,4,2333,Zak Cummings (2016-04-10)
1004,Vaughan Lee,8,2332,Raphael Assuncao (2013-06-08)
1005,Marina Rodriguez,1,2332,Randa Markos (2018-09-22)
1006,Yuki Kondo,3,2331,Tito Ortiz (2000-12-16)
1007,Spencer Fisher,17,2331,Hermes Franca (2007-01-25)
1008,John Phillips,1,2330,Charles Byrd (2018-03-17)
1009,Chris Sanford,1,2330,Josh Koscheck (2005-04-09)
1010,Zubaira Tukhugov,4,2330,Phillipe Nover (2015-12-10)
1011,Pete Sell,7,2330,Nate Quarry (2007-09-19)
1012,Felipe Arantes,12,2330,Erik Perez (2016-11-05)
1013,Alexey Kunchenko,1,2330,Thiago Alves (2018-09-15)
1014,James Irvin,10,2329,Anderson Silva (2008-07-19)
1015,Damon Jackson,3,2329,Levan Makashvili (2016-01-30)
1016,Carmelo Marrero,4,2328,Cheick Kongo (2006-10-14)
1017,Yoshiyuki Yoshida,5,2328,Josh Koscheck (2008-12-10)
1018,Anton Zafir,2,2328,James Moontasri (2015-11-15)
1019,Ken Stone,4,2328,Scott Jorgensen (2011-06-04)
1020,Igor Pokrajac,13,2328,Vinny Magalhaes (2012-09-22)
1021,Fabiano Scherner,2,2328,Brandon Vera (2005-10-03)
1022,Josh Neer,15,2328,Nate Diaz (2008-09-17)
1023,Alessio Sakara,15,2328,Brian Stann (2012-04-14)
1024,Jeremy Kimball,4,2328,Dominick Reyes (2017-12-02)
1025,Damacio Page,3,2327,Brian Bowles (2011-03-03)
1026,Levan Makashvili,3,2327,Hacran Dias (2015-06-27)
1027,Marlon Vera,9,2327,John Lineker (2017-10-28)
1028,Kevin Casey,7,2327,Rafael Natal (2016-01-30)
1029,Caio Magalhaes,7,2326,Nick Ring (2013-12-07)
1030,Jordan Radev,2,2326,Dean Lister (2007-12-29)
1031,Rory Singer,4,2326,Yushin Okami (2006-12-30)
1032,Travis Fulton,2,2325,Pete Williams (1999-05-07)
1033,Alptekin Ozkilic,4,2325,John Lineker (2014-07-16)
1034,Irene Aldana,4,2325,Lucie Pudilova (2018-09-08)
1035,Nick Catone,8,2325,Costas Philippou (2011-03-19)
1036,Jorge Rivera,15,2325,Michael Bisping (2011-02-27)
1037,Alvin Robinson,4,2324,Nate Diaz (2008-01-23)
1038,Ednaldo Oliveira,2,2324,Francimar Barroso (2013-08-03)
1039,Enrique Barzola,6,2324,Matt Bessette (2018-01-20)
1040,Xavier Foupa-Pokam,2,2324,Denis Kang (2009-04-18)
1041,Paul Kelly,9,2324,Donald Cerrone (2011-02-05)
1042,Talita Bernardo,2,2324,Marion Reneau (2017-09-02)
1043,Steve Bosse,3,2323,James Te Huna (2016-03-20)
1044,Chris Heatherly,2,2323,Ben Saunders (2014-08-23)
1045,Jon Tuck,9,2323,Norman Parke (2013-10-26)
1046,Royce Gracie,13,2323,Ken Shamrock (1995-04-07)
1047,Jocelyn Jones-Lybarger,3,2323,Tecia Torres (2015-12-12)
1048,Houston Alexander,6,2322,Keith Jardine (2007-05-26)
1049,Michael Kuiper,4,2322,Tom Lawlor (2013-04-06)
1050,Louis Gaudinot,5,2322,Kyoji Horiguchi (2015-01-03)
1051,Willie Gates,4,2322,John Moraga (2014-12-13)
1052,Rob Broughton,3,2322,Travis Browne (2011-09-24)
1053,Adam Milstead,3,2322,Jordan Johnson (2018-03-03)
1054,Daichi Abe,3,2321,Li Jingliang (2018-06-23)
1055,Steve Cantwell,6,2321,Riki Fukuda (2012-02-26)
1056,Scott Askham,6,2320,Jack Hermansson (2016-09-03)
1057,Francisco Trevino,3,2320,Johnny Case (2015-06-13)
1058,Scott Jorgensen,12,2320,Urijah Faber (2013-04-13)
1059,Devin Clark,5,2320,Mike Rodriguez (2018-04-07)
1060,Horacio Gutierrez,2,2320,Teruto Ishihara (2016-08-06)
1061,Azamat Gashimov,2,2320,Ivan Menjivar (2012-11-17)
1062,Yan Cabral,5,2319,Johnny Case (2015-11-07)
1063,Makwan Amirkhani,5,2319,Arnold Allen (2017-03-18)
1064,Brian Foster,5,2319,Chris Lytle (2010-02-21)
1065,Robbie Peralta,8,2319,Clay Guida (2015-04-04)
1066,T.J. O'Brien,2,2319,Cole Miller (2011-08-14)
1067,Ryan Thomas,2,2318,Matt Brown (2008-11-15)
1068,Eugene Jackson,7,2318,Keiichiro Yamamiya (1999-11-19)
1069,Ulka Sasaki,8,2318,Wilson Reis (2017-02-11)
1070,Tae Hyun Bang,5,2317,Mairbek Taisumov (2014-01-04)
1071,Brad Katona,1,2317,Jay Cucciniello (2018-07-06)
1072,Semmy Schilt,2,2317,Pete Williams (2001-05-04)
1073,Vitor Miranda,7,2316,Abu Azaitar (2018-07-22)
1074,Matt Hobar,3,2316,Sergio Pettis (2014-12-06)
1075,Bruno Santos,3,2315,Chris Camozzi (2014-07-05)
1076,Shinsho Anzai,4,2315,Jake Matthews (2018-06-23)
1077,Josh Ferguson,2,2315,Chris Cariaso (2012-07-11)
1078,Cole Miller,20,2315,Max Holloway (2015-02-14)
1079,Paul Taylor,9,2315,Marcus Davis (2007-09-08)
1080,Cody Gibson,4,2315,Manvel Gamburyan (2014-09-27)
1081,Luis Ramos,2,2315,Matt Brown (2012-06-22)
1082,Anthony Torres,2,2314,Jess Liaudin (2007-09-08)
1083,Gadzhimurad Antigulov,3,2314,Marcos Rogerio de Lima (2016-11-19)
1084,Luis Henrique,6,2314,Marcin Tybura (2017-03-04)
1085,Hector Sandoval,4,2314,Wilson Reis (2016-07-30)
1086,Damian Grabowski,3,2314,Derrick Lewis (2016-02-06)
1087,Luis Pena,1,2314,Richie Smullen (2018-07-06)
1088,Marco Beltran,6,2314,Deiveson Figueiredo (2017-06-03)
1089,Antonio Carvalho,4,2314,Darren Elkins (2013-03-16)
1090,Niklas Backstrom,3,2313,Tom Niinimaki (2014-05-31)
1091,Nick Hein,7,2313,James Vick (2014-11-22)
1092,Joe Charles,4,2313,Vitor Belfort (1997-12-21)
1093,Alex White,8,2312,James Krause (2018-01-14)
1094,Shamar Bailey,3,2312,Evan Dunham (2011-09-17)
1095,Henrique da Silva,6,2311,Jonathan Wilson (2016-06-04)
1096,Doug Evans,2,2311,Roger Huerta (2007-06-23)
1097,Ryan Couture,2,2311,Ross Pearson (2013-04-06)
1098,Josh Stansbury,3,2310,Devin Clark (2016-12-03)
1099,Jeff Curran,3,2310,Scott Jorgensen (2011-10-29)
1100,Jonavin Webb,2,2310,Nathan Coy (2016-02-21)
1101,Terry Martin,6,2310,Jason Lambert (2006-04-15)
1102,Bobby Nash,3,2310,Danny Roberts (2017-07-16)
1103,J.C. Cottrell,2,2310,Michel Prazeres (2016-07-23)
1104,Cory Hendricks,1,2310,Josh Stansbury (2016-07-08)
1105,Jason Lambert,8,2310,Renato Sobral (2007-03-03)
1106,Kyle Bradley,4,2310,Joe Lauzon (2008-09-17)
1107,Sean McCorkle,3,2310,Stefan Struve (2010-12-11)
1108,Frank Shamrock,5,2309,Tito Ortiz (1999-09-24)
1109,Issei Tamura,3,2309,Raphael Assuncao (2012-07-11)
1110,Josh Shockley,2,2309,Ivan Jorge (2015-02-22)
1111,Nick Pace,3,2309,Miguel Torres (2011-11-19)
1112,Felix Mitchell,3,2309,Ken Shamrock (1994-09-09)
1113,John Albert,5,2309,Ivan Menjivar (2012-02-15)
1114,Kevin Jackson,4,2309,Jerry Bohlander (1998-03-13)
1115,Brad Blackburn,5,2309,Ryo Chonan (2008-12-27)
1116,Oskar Piechota,3,2309,Gerald Meerschaert (2018-07-06)
1117,John Cofer,2,2308,Mike Rio (2012-12-15)
1118,Chad Reiner,2,2308,Josh Burkman (2007-01-25)
1119,Pingyuan Liu,1,2308,Damian Stasiak (2018-07-22)
1120,Paddy Holohan,5,2307,Louis Smolka (2015-10-24)
1121,Daniel Spitz,3,2307,Walt Harris (2018-06-01)
1122,Drew McFedries,9,2307,Thales Leites (2008-10-25)
1123,Phil De Fries,5,2307,Rob Broughton (2011-11-05)
1124,Robert Whiteford,5,2307,Lucas Martins (2016-04-10)
1125,Seth Petruzelli,4,2307,Ricardo Romero (2010-07-03)
1126,Sijara Eubanks,1,2307,Lauren Murphy (2018-06-01)
1127,Justine Kish,4,2307,Felice Herrig (2017-06-25)
1128,Cain Carrizosa,2,2307,Chris Wade (2014-08-30)
1129,James Moontasri,6,2306,Kevin Lee (2015-07-15)
1130,Din Thomas,9,2306,Kenny Florian (2007-09-19)
1131,Jason Young,4,2306,Dustin Poirier (2011-06-11)
1132,Sage Northcutt,8,2306,Zak Ottow (2018-07-14)
1133,Mitch Clarke,7,2306,Al Iaquinta (2014-05-24)
1134,Drew Dober,11,2306,Olivier Aubin-Mercier (2016-12-10)
1135,Paige VanZant,7,2306,Bec Rawlings (2016-08-27)
1136,Luigi Fioravanti,9,2306,Diego Sanchez (2008-06-21)
1137,Wilson Gouveia,10,2305,Nate Marquardt (2009-02-21)
1138,Guido Cannetti,4,2305,Kyung Ho Kang (2018-01-14)
1139,Gasan Umalatov,4,2305,Cathal Pendred (2014-10-04)
1140,Rory Markham,3,2305,Nate Diaz (2010-03-27)
1141,Marion Reneau,9,2305,Jessica Andrade (2015-02-22)
1142,Marcus Aurelio,6,2305,Tyson Griffin (2008-07-05)
1143,Wagner Silva,2,2304,Colby Covington (2014-11-08)
1144,Cody Donovan,4,2304,Ovince Saint Preux (2013-08-17)
1145,Cyril Asker,5,2304,Tai Tuivasa (2018-02-11)
1146,Jose Alberto Quinonez,5,2304,Diego Rivas (2017-08-05)
1147,Claudio Puelles,2,2304,Felipe Silva (2018-05-19)
1148,Waylon Lowe,4,2304,Nik Lentz (2011-03-26)
1149,Papy Abedi,4,2303,Thiago Alves (2011-11-05)
1150,Carlos Newton,7,2303,Pat Miletich (2001-05-04)
1151,Jesse Ronson,3,2303,Kevin Lee (2014-07-06)
1152,Ryan Parker,1,2303,Remco Pardoel (1995-09-08)
1153,Marco Ruas,6,2303,Oleg Taktarov (1995-12-16)
1154,Trevin Giles,2,2302,James Bochnovic (2017-07-08)
1155,Pete Spratt,7,2302,Josh Koscheck (2005-08-06)
1156,Scott Holtzman,7,2302,Alan Patrick (2018-10-06)
1157,Michihiro Omigawa,7,2302,Chad Mendes (2011-02-05)
1158,Joby Sanchez,4,2302,Wilson Reis (2014-08-23)
1159,Dave Beneteau,6,2302,Oleg Taktarov (1995-12-16)
1160,Patrick Smith,6,2302,Royce Gracie (1994-03-11)
1161,Trevor Prangley,4,2301,Jeremy Horn (2005-11-19)
1162,Erik Perez,9,2301,Felipe Arantes (2016-11-05)
1163,Jared Hamman,7,2301,C.B. Dollaway (2011-08-14)
1164,Tom Duquesnoy,3,2301,Cody Stamann (2017-10-07)
1165,Junior Assuncao,5,2301,Ross Pearson (2011-12-30)
1166,Rolando Dy,4,2301,Alex Caceres (2017-06-17)
1167,Gillian Robertson,3,2301,Molly McCann (2018-05-27)
1168,Bill Mahood,1,2300,Forrest Griffin (2005-06-04)
1169,Brian Gassaway,1,2300,Diego Sanchez (2005-08-20)
1170,Collin Hart,1,2300,Luke Barnatt (2013-04-13)
1171,DeAnna Bennett,1,2300,Melinda Fabian (2017-12-01)
1172,Frank Caracci,1,2300,LaVerne Clark (1999-01-08)
1173,Joao Roque,1,2300,Jens Pulver (2000-06-09)
1174,Joe Son,1,2300,Keith Hackney (1994-12-16)
1175,John Dowdy,1,2300,Guy Mezger (1995-04-07)
1176,John Marsh,1,2300,Mike Van Arsdale (2005-04-16)
1177,Marcin Wrzosek,1,2300,Julian Erosa (2015-12-11)
1178,Mark Schultz,1,2300,Gary Goodridge (1996-05-17)
1179,Melton Bowen,1,2300,Steve Jennum (1994-12-16)
1180,Paul Rodriguez,1,2300,Tony DeSouza (2001-06-29)
1181,Rainy Martinez,1,2300,Jerry Bohlander (1997-02-07)
1182,Richie Smullen,1,2300,Luis Pena (2018-07-06)
1183,Scott Baker,1,2300,Jason DeLucia (1994-03-11)
1184,Tim McKenzie,1,2300,Aaron Simpson (2009-04-01)
1185,Mark De La Rosa,2,2300,Tim Elliott (2017-12-30)
1186,Ashkan Mokhtarian,2,2300,John Moraga (2017-06-11)
1187,Phil Harris,5,2299,John Lineker (2013-10-26)
1188,Roland Delorme,7,2299,Ulka Sasaki (2014-08-23)
1189,Chris Cope,3,2299,Che Mills (2011-11-05)
1190,Kevin Burns,5,2299,Roan Carneiro (2008-06-07)
1191,Mike Ricci,3,2299,Myles Jury (2013-09-21)
1192,Tank Abbott,14,2299,Maurice Smith (1997-10-17)
1193,Tra Telligman,5,2299,Pedro Rizzo (1999-05-07)
1194,Joe Proctor,8,2299,Bryan Barberena (2017-04-22)
1195,DaMarques Johnson,10,2298,Mike Swick (2012-08-04)
1196,Darko Stosic,1,2298,Jeremy Kimball (2018-07-22)
1197,Poliana Botelho,2,2298,Syuri Kondo (2018-05-19)
1198,Dashon Johnson,2,2298,Jake Matthews (2014-06-28)
1199,Jon Delos Reyes,4,2298,Kyoji Horiguchi (2014-09-20)
1200,Martin Bravo,3,2297,Alex Caceres (2018-07-06)
1201,Mike Brown,6,2296,Steven Siler (2013-08-17)
1202,Marcelo Aguiar,1,2296,Matt Hughes (2000-06-09)
1203,Fernando Bruno,2,2296,Glaico Franca (2015-08-01)
1204,Brendan O'Reilly,4,2295,Alan Jouban (2016-03-20)
1205,Ramsey Nijem,10,2295,Andrew Holbrook (2015-07-25)
1206,Razak Al-Hassan,2,2295,Steve Cantwell (2008-12-10)
1207,Shunichi Shimizu,1,2295,Kyung Ho Kang (2014-01-04)
1208,Eddie Ruiz,1,2295,Yves Edwards (2003-06-06)
1209,Aiemann Zahabi,2,2294,Ricardo Ramos (2017-11-04)
1210,James Wilks,4,2294,Matt Brown (2009-11-14)
1211,Krzysztof Soszynski,9,2294,Brandon Vera (2009-08-29)
1212,Jens Pulver,9,2294,B.J. Penn (2007-06-23)
1213,Renee Forte,4,2294,John Makdessi (2013-09-21)
1214,Antoni Hardonk,8,2294,Cheick Kongo (2009-04-18)
1215,Dave Menne,6,2293,Josh Koscheck (2006-06-28)
1216,Cristina Stanciu,2,2293,Maryna Moroz (2016-04-10)
1217,Ryan McGillivray,1,2293,Shamar Bailey (2011-06-04)
1218,Joey Beltran,10,2293,James Te Huna (2012-07-11)
1219,Pat Miletich,10,2293,Shonie Carter (2001-06-29)
1220,Yves Jabouin,10,2293,Eddie Wineland (2014-01-25)
1221,Cristiano Marcello,4,2293,Kazuki Tokudome (2013-03-03)
1222,Clifford Starks,3,2293,Ed Herman (2012-02-04)
1223,Sirwan Kakai,2,2292,Frankie Saenz (2015-08-08)
1224,Kristof Midoux,1,2291,Jake O'Brien (2006-08-17)
1225,Jason DeLucia,4,2290,Royce Gracie (1994-03-11)
1226,Pearl Gonzalez,2,2290,Cynthia Calvillo (2017-04-08)
1227,Alexandre Pantoja,4,2290,Brandon Moreno (2018-05-19)
1228,Viscardi Andrade,4,2290,Gasan Umalatov (2015-11-07)
1229,Andre Winner,6,2290,Dennis Siver (2010-11-13)
1230,Lance Benoist,4,2290,Sean Pierson (2012-09-22)
1231,Mark Eddiva,4,2289,Levan Makashvili (2015-05-16)
1232,Jeremy Jackson,2,2289,Nick Diaz (2003-09-26)
1233,Keith Wisniewski,4,2289,Ivan Jorge (2013-09-04)
1234,Oli Thompson,2,2289,Shawn Jordan (2012-03-03)
1235,Ildemar Alcantara,7,2288,Albert Tumenov (2014-02-15)
1236,Scott Junk,1,2288,Christian Wellisch (2007-09-22)
1237,Estevan Payan,3,2288,Jeremy Stephens (2013-05-25)
1238,Curtis Stout,2,2288,Trevor Prangley (2004-06-19)
1239,Tim Hague,5,2288,Matt Mitrione (2011-01-22)
1240,Danny Downes,2,2287,Jeremy Stephens (2011-06-04)
1241,Tommy Hayden,2,2287,Fabricio Camoes (2012-01-20)
1242,Gilbert Aldana,2,2287,Paul Buentello (2006-02-04)
1243,Cody Pfister,4,2287,James Moontasri (2015-02-14)
1244,Mickey Gall,5,2287,Randy Brown (2017-11-04)
1245,Amir Sadollah,11,2287,Brad Blackburn (2010-01-11)
1246,Chris Beal,5,2287,Neil Seery (2015-01-24)
1247,John Maguire,5,2287,John Hathaway (2012-09-29)
1248,Josh Sampo,4,2286,Zach Makovsky (2014-02-22)
1249,Kris McCray,3,2286,John Hathaway (2011-03-26)
1250,Dwayne Cason,2,2286,Mark Kerr (1997-10-17)
1251,John Lewis,2,2286,Jens Pulver (2000-11-17)
1252,Ji Yeon Kim,3,2286,Justine Kish (2018-01-27)
1253,Melinda Fabian,2,2285,Ji Yeon Kim (2018-06-23)
1254,Shane Howell,2,2285,Ray Borg (2014-06-28)
1255,Filip Pejic,1,2285,Damian Stasiak (2016-04-10)
1256,Julie Kedzie,2,2285,Bethe Correia (2013-12-07)
1257,Elizabeth Phillips,4,2285,Raquel Pennington (2016-08-20)
1258,Cody McKenzie,7,2285,Chad Mendes (2012-07-07)
1259,Charlie Ward,2,2284,Abdul Razak Alhassan (2016-11-19)
1260,Brian Cobb,1,2284,Terry Etim (2009-02-21)
1261,Gabe Ruediger,3,2283,Joe Lauzon (2010-08-28)
1262,Jack May,2,2283,Shawn Jordan (2014-08-16)
1263,Tor Troeng,4,2283,Rafael Natal (2013-09-04)
1264,Carlo Prater,3,2283,TJ Grant (2012-05-15)
1265,Luke Zachrich,3,2282,Caio Magalhaes (2014-04-19)
1266,Terry Etim,11,2282,Edson Barboza (2012-01-14)
1267,Rob MacDonald,3,2282,Jason Lambert (2006-03-04)
1268,Edward Faaloloto,2,2282,Terry Etim (2011-11-05)
1269,Naoyuki Kotani,5,2281,Norman Parke (2014-07-19)
1270,Richard Walsh,6,2281,Kiichi Kunimoto (2014-09-20)
1271,Jimy Hettes,6,2281,Dennis Bermudez (2014-03-15)
1272,Andreas Stahl,2,2280,Santiago Ponzinibbio (2015-12-10)
1273,Elias Garcia,1,2280,Mark De La Rosa (2018-07-14)
1274,Sarah Moras,4,2280,Lucie Pudilova (2018-02-18)
1275,Tim Lajcik,3,2280,Tsuyoshi Kosaka (1999-07-16)
1276,Brodie Farber,2,2280,Rory Markham (2008-07-19)
1277,Luke Caudillo,2,2280,Marcus Aurelio (2007-11-17)
1278,Alex Chambers,5,2279,Livia Renata Souza (2018-09-22)
1279,Erick Montano,3,2279,Randy Brown (2016-09-17)
1280,Michel Quinones,2,2279,Jared Gordon (2017-06-25)
1281,Junior Hernandez,2,2279,Lucas Martins (2013-09-04)
1282,Wendell Oliveira,2,2279,Darren Till (2015-05-30)
1283,Steven Siler,9,2278,Darren Elkins (2012-11-17)
1284,Dan Cramer,2,2278,Matthew Riddle (2009-08-08)
1285,Ricardo Romero,3,2278,Kyle Kingsbury (2011-02-05)
1286,Kevin Jordan,2,2278,Paul Buentello (2005-06-04)
1287,Khalil Rountree Jr.,6,2277,Andrew Sanchez (2016-07-08)
1288,Derrick Noble,1,2277,Thiago Alves (2006-04-15)
1289,Chuck O'Neil,1,2277,Chris Cope (2011-06-04)
1290,Said Nurmagomedov,1,2277,Justin Scoggins (2018-07-14)
1291,Thiago Perpetuo,3,2277,Omari Akhmedov (2013-11-09)
1292,Neil Grove,1,2276,Mike Ciesnolevicz (2009-02-21)
1293,Ryan Madigan,1,2276,Tamdan McCrory (2009-03-07)
1294,Pablo Garza,6,2276,Dustin Poirier (2011-11-12)
1295,Devin Powell,3,2275,Drakkar Klose (2017-01-15)
1296,Joe Brammer,2,2275,Mark Bocek (2009-12-05)
1297,Bec Rawlings,7,2275,Tecia Torres (2017-02-04)
1298,Nick Osipczak,5,2275,Matthew Riddle (2009-11-14)
1299,Marcus LeVesseur,3,2275,Abel Trujillo (2012-12-08)
1300,Brad Gumm,2,2275,Shonie Carter (2000-03-10)
1301,Jumabieke Tuerxun,3,2274,Marcus Brimage (2014-11-07)
1302,Justin Buchholz,5,2274,Terry Etim (2009-06-13)
1303,Jorge Lopez,2,2274,Amir Sadollah (2012-05-15)
1304,Reza Nasri,1,2274,Brian Johnston (1996-09-20)
1305,Karlos Vemola,6,2274,Francis Carmont (2012-07-11)
1306,Anthony Birchak,4,2274,Thomas Almeida (2015-11-07)
1307,Steve Bruno,3,2273,Chris Wilson (2008-08-09)
1308,Andrei Semenov,2,2273,Ricardo Almeida (2002-01-11)
1309,Caros Fodor,1,2273,Sam Stout (2013-02-23)
1310,Eric Wisely,2,2273,Charles Oliveira (2012-01-28)
1311,Tim Gorman,2,2273,Mitch Gagnon (2014-04-16)
1312,Lipeng Zhang,4,2273,Chris Wade (2015-01-18)
1313,Remco Pardoel,5,2272,Royce Gracie (1994-03-11)
1314,Keiichiro Yamamiya,1,2272,Eugene Jackson (1999-11-19)
1315,Koji Kitao,1,2272,Mark Hall (1996-05-17)
1316,Molly McCann,1,2272,Gillian Robertson (2018-05-27)
1317,Junie Browning,2,2272,Cole Miller (2009-04-01)
1318,Ulysses Gomez,2,2272,Phil Harris (2013-02-16)
1319,Leonardo Augusto Guimaraes,2,2272,Antonio Carlos Junior (2016-09-17)
1320,Hector Ramirez,2,2271,Forrest Griffin (2007-06-16)
1321,Rony Mariano Bezerra,3,2271,Sam Sicilia (2012-10-13)
1322,Sheila Gaff,2,2270,Sara McMann (2013-04-27)
1323,Yadong Song,2,2270,Felipe Arantes (2018-06-23)
1324,Justin Salas,7,2270,Thiago Tavares (2013-11-09)
1325,Matthew Riddle,12,2270,Che Mills (2013-02-16)
1326,Charles McCarthy,3,2269,Michael Bisping (2008-04-19)
1327,Brad Scott,8,2269,Jack Hermansson (2017-08-05)
1328,Dileno Lopes,2,2268,Reginaldo Vieira (2015-08-01)
1329,Norifumi Yamamoto,4,2268,Demetrious Johnson (2011-02-05)
1330,Jess Liaudin,5,2268,Marcus Davis (2008-01-19)
1331,Christian Wellisch,5,2267,Jake O'Brien (2009-01-31)
1332,Diego Rivas,4,2267,Jose Alberto Quinonez (2017-08-05)
1333,Ronald Jhun,1,2267,Chris Lytle (2004-08-21)
1334,Chris Cariaso,13,2267,Demetrious Johnson (2014-09-27)
1335,Steve Berger,3,2267,Robbie Lawler (2002-06-22)
1336,Chris Tuchscherer,4,2266,Gabriel Gonzaga (2009-08-29)
1337,David Heath,5,2266,Renato Sobral (2007-08-25)
1338,Mark Weir,3,2266,Phillip Miller (2002-11-22)
1339,Kenichi Yamamoto,3,2266,Pat Miletich (2000-12-16)
1340,Jessica-Rose Clark,3,2264,Paige VanZant (2018-01-14)
1341,Rolando Delgado,3,2264,Paul Kelly (2009-06-13)
1342,Keith Berish,2,2264,Ryan Janes (2016-12-09)
1343,Chris Clements,5,2264,Nordine Taleb (2015-04-25)
1344,Jon Madsen,5,2263,Mike Russow (2011-03-26)
1345,John Salter,3,2263,Dan Miller (2010-08-28)
1346,Ian Entwistle,3,2263,Anthony Birchak (2014-12-13)
1347,Marcelo Golm,2,2262,Timothy Johnson (2018-02-03)
1348,Andy Enz,3,2262,Clint Hester (2014-02-01)
1349,Dmitry Smolyakov,2,2262,Cyril Asker (2017-01-15)
1350,Edgar Garcia,4,2261,Brad Blackburn (2009-06-20)
1351,Tony DeSouza,6,2261,Thiago Alves (2006-12-30)
1352,Scott Smith,4,2260,David Terrell (2006-04-15)
1353,Mike Nickels,2,2259,Stephan Bonnar (2007-07-07)
1354,Danillo Villefort,1,2259,Jesse Lennox (2009-08-08)
1355,Wesley Correira,4,2259,Andrei Arlovski (2004-04-02)
1356,Joe Merritt,1,2258,Alex Oliveira (2015-06-27)
1357,Germaine de Randamie,5,2258,Holly Holm (2017-02-11)
1358,Nissen Osterneck,1,2257,Jorge Rivera (2009-04-01)
1359,Mike Rio,4,2257,Tony Ferguson (2013-10-19)
1360,Yves Edwards,21,2257,Jeremy Stephens (2012-12-08)
1361,C.J. Keith,2,2257,Francisco Trinaldo (2013-01-19)
1362,Clint Hester,7,2257,Robert Whittaker (2014-11-07)
1363,Kalindra Faria,3,2257,Joanne Calderwood (2018-08-25)
1364,Edwin Figueroa,6,2256,Erik Perez (2013-11-16)
1365,Mike Guymon,4,2256,DaMarques Johnson (2011-01-22)
1366,Dustin Pague,6,2256,Kyoji Horiguchi (2013-10-19)
1367,Amanda Cooper,5,2256,Mackenzie Dern (2018-05-12)
1368,Mike Kyle,3,2256,James Irvin (2005-02-05)
1369,Patrick Walsh,2,2256,Dan Kelly (2015-02-14)
1370,Anying Wang,2,2256,Colby Covington (2014-08-23)
1371,Jonathan Wilson,4,2256,Oskar Piechota (2017-10-21)
1372,Steve Montgomery,2,2255,Dan Kelly (2015-11-15)
1373,Jay Silva,2,2254,C.B. Dollaway (2009-09-16)
1374,Pascal Krauss,4,2254,John Hathaway (2012-05-05)
1375,Yosdenis Cedeno,4,2254,Chad Laprise (2014-10-04)
1376,Jake Collier,6,2254,Devin Clark (2017-04-15)
1377,Andy Ogle,6,2253,Charles Oliveira (2014-02-15)
1378,Manny Bermudez,2,2253,Albert Morales (2018-02-24)
1379,Will Chope,1,2253,Max Holloway (2014-01-04)
1380,Chris Holdsworth,2,2252,Chico Camus (2014-05-24)
1381,Kit Cope,1,2252,Kenny Florian (2005-11-05)
1382,Hugo Viana,6,2252,T.J. Dillashaw (2013-04-20)
1383,Colton Smith,4,2252,Michael Chiesa (2013-11-06)
1384,Masio Fullen,3,2252,Makwan Amirkhani (2015-06-20)
1385,Alex Schoenauer,1,2252,Mike Swick (2005-04-09)
1386,Dongi Yang,5,2251,Court McGee (2011-09-17)
1387,Rich Clementi,10,2251,Gray Maynard (2008-10-25)
1388,Geza Kalman,2,2250,Joel Sutton (1995-09-08)
1389,Nate Loughran,2,2250,Tim Credeur (2008-12-10)
1390,Nick Sanzo,2,2250,Jerry Bohlander (1997-02-07)
1391,Roman Mitichyan,2,2250,George Sotiropoulos (2008-04-02)
1392,Aaron Rosa,3,2250,James Te Huna (2012-03-03)
1393,Dan Bobish,2,2250,Brian Johnston (1997-07-27)
1394,Dustin Kimura,5,2249,George Roop (2014-04-16)
1395,Justin Edwards,7,2249,Brandon Thatch (2013-08-28)
1396,Christian Colombo,3,2249,Jarjis Danho (2016-09-03)
1397,Ben Earwood,1,2249,Chris Lytle (2000-11-17)
1398,Nick Serra,1,2248,Benji Radach (2002-06-22)
1399,Mark Hall,7,2248,Don Frye (1996-07-12)
1400,Yao Zhikui,4,2247,Fredy Serrano (2015-11-28)
1401,Barb Honchak,2,2247,Roxanne Modafferi (2018-07-06)
1402,Eddie Yagin,2,2246,Mark Hominick (2012-04-21)
1403,Phil Johns,1,2246,Fabiano Iha (2001-02-23)
1404,James Mulheron,1,2246,Justin Willis (2017-07-16)
1405,Shonie Carter,6,2245,Pat Miletich (2001-06-29)
1406,Aisling Daly,3,2245,Alex Chambers (2014-12-12)
1407,Enrique Marin,2,2244,Sage Northcutt (2016-07-09)
1408,David Lee,2,2244,Tyson Griffin (2006-09-23)
1409,Gilbert Smith,1,2244,Bubba McDaniel (2013-04-13)
1410,Gerald Harris,4,2243,David Branch (2010-07-03)
1411,Benji Radach,3,2243,Sean Sherk (2002-09-27)
1412,James McSweeney,3,2243,Travis Browne (2010-06-19)
1413,Jeff Hougland,3,2243,Yves Jabouin (2012-05-15)
1414,Kelly Dullanty,1,2243,Matt Serra (2002-03-22)
1415,Pat Audinwood,2,2242,Thiago Tavares (2010-09-25)
1416,Justin Jones,2,2242,Corey Anderson (2014-12-06)
1417,Montana De La Rosa,2,2242,Christina Marks (2017-12-01)
1418,Mackens Semerzier,3,2242,Robbie Peralta (2011-11-12)
1419,Gary Goodridge,8,2241,Don Frye (1996-12-07)
1420,Brock Larson,6,2241,Mike Pyle (2009-05-23)
1421,Tiago Trator,4,2241,Shane Burgos (2016-12-09)
1422,Daniel Pineda,7,2240,Diego Brandao (2013-08-17)
1423,Tiequan Zhang,4,2240,Darren Elkins (2011-10-08)
1424,Aaron Riley,9,2239,Shane Nelson (2009-08-08)
1425,Ryan Jensen,8,2239,Thales Leites (2007-08-25)
1426,Kyle Watson,2,2239,John Makdessi (2011-04-30)
1427,Javier Vazquez,1,2239,Joe Stevenson (2011-06-26)
1428,Townsend Saunders,2,2238,Mikey Burnett (1999-01-08)
1429,Steve Jennum,3,2238,Tank Abbott (1995-12-16)
1430,Jason Reinhardt,3,2238,Joe Lauzon (2007-11-17)
1431,Larissa Pacheco,2,2238,Jessica Andrade (2014-09-13)
1432,Mike Stumpf,2,2238,TJ Waldburger (2011-09-17)
1433,Ian Freeman,6,2238,Frank Mir (2002-07-13)
1434,Willamy Freire,1,2238,Waylon Lowe (2011-01-22)
1435,Rob Kimmons,7,2238,Dan Miller (2008-09-17)
1436,Geoff Neal,2,2237,Brian Camozzi (2018-02-18)
1437,Konstantin Erokhin,2,2237,Gabriel Gonzaga (2015-12-11)
1438,Royston Wee,3,2237,Ning Guangyou (2015-05-16)
1439,Reginaldo Vieira,3,2237,Marco Beltran (2016-07-07)
1440,Guy Mezger,5,2237,Tito Ortiz (1999-03-05)
1441,Brad Morris,2,2236,Cain Velasquez (2008-04-19)
1442,Chase Gormley,2,2236,Stefan Struve (2009-10-24)
1443,Tiki Ghosn,4,2235,Robbie Lawler (2002-11-22)
1444,Scott Ferrozzo,5,2235,Tank Abbott (1996-09-20)
1445,Mike Ciesnolevicz,2,2235,Tomasz Drwal (2009-06-20)
1446,Lauren Mueller,1,2235,Shana Dobson (2018-04-14)
1447,David Abbott,4,2235,Frank Mir (2003-02-28)
1448,Steven Lynch,1,2234,Dustin Hazelett (2007-06-16)
1449,Sam Adkins,4,2233,Tank Abbott (1996-09-20)
1450,Marcus Bossett,3,2233,Steve Nelmark (1996-12-07)
1451,Mikey Burnett,3,2233,Pat Miletich (1998-10-16)
1452,Tyler Toner,1,2233,Ian Loveland (2010-12-04)
1453,Cole Escovedo,3,2233,Renan Barao (2011-05-28)
1454,Ning Guangyou,4,2233,Royston Wee (2015-05-16)
1455,Paul Varelans,8,2233,Dan Severn (1995-12-16)
1456,Harry Moskowitz,2,2232,Alex Hunter (1997-10-17)
1457,Don Frye,10,2232,Mark Hall (1996-07-12)
1458,Josh Grispi,4,2232,Rani Yahya (2012-08-04)
1459,Augusto Sakai,1,2232,Chase Sherman (2018-09-22)
1460,Yuri Villefort,2,2232,Nah-Shon Burrell (2013-02-23)
1461,Troy Mandaloniz,2,2231,Paul Kelly (2009-02-21)
1462,Danny Martinez,4,2231,Sirwan Kakai (2015-06-27)
1463,Daiju Takase,3,2230,Jeremy Horn (1999-07-16)
1464,Mackenzie Dern,2,2229,Amanda Cooper (2018-05-12)
1465,Jason Dent,4,2229,George Sotiropoulos (2009-11-21)
1466,Andre Roberts,3,2229,Ron Waterman (1999-07-16)
1467,Carlo Pedersoli Jr.,1,2228,Brad Scott (2018-05-27)
1468,Steve Nelmark,3,2228,Tank Abbott (1996-12-07)
1469,Rob Emerson,7,2228,Kurt Pellegrino (2009-02-07)
1470,Mark Robinson,1,2228,Bobby Hoffman (2001-02-23)
1471,Tedd Williams,2,2228,Ian Freeman (2000-09-22)
1472,Jeff Cox,2,2227,Manvel Gamburyan (2008-04-02)
1473,Naoki Inoue,2,2227,Matt Schnell (2018-06-23)
1474,Richardson Moreira,2,2227,Ildemar Alcantara (2015-01-31)
1475,Steve Kennedy,2,2226,Peter Sobotta (2015-06-20)
1476,Ansar Chalangov,2,2226,Josh Koscheck (2006-04-06)
1477,Shana Dobson,2,2226,Lauren Mueller (2018-04-14)
1478,Milana Dudieva,3,2225,Marion Reneau (2016-11-19)
1479,Jim Wallhead,2,2225,Jessin Ayari (2016-09-03)
1480,Jessamyn Duke,4,2225,Peggy Morgan (2013-11-30)
1481,Joe Moreira,2,2224,Paul Varelans (1996-02-16)
1482,Alex Karalexis,3,2224,Jason Von Flue (2006-01-16)
1483,Colin Robinson,2,2224,Eddie Sanchez (2007-06-16)
1484,Jason Gilliam,2,2223,Chris Lytle (2007-07-07)
1485,Forrest Petz,7,2223,Josh Burkman (2007-10-20)
1486,Jerry Bohlander,7,2223,Kevin Jackson (1998-03-13)
1487,Jared Papazian,3,2223,Mike Easton (2012-01-20)
1488,Kailin Curran,7,2223,Xiaonan Yan (2017-11-25)
1489,Edilberto de Oliveira,2,2223,Luke Cummo (2007-09-19)
1490,Yoji Anjo,3,2222,Tank Abbott (1997-12-21)
1491,Bernardo Magalhaes,2,2222,Tim Means (2012-02-15)
1492,Ashlee Evans-Smith,6,2222,Marion Reneau (2016-02-21)
1493,Keith Rockel,2,2222,Chris Liguori (2003-11-21)
1494,Ericka Almeida,2,2222,Juliana Lima (2015-05-30)
1495,Anton Kuivanen,3,2221,Michael Chiesa (2013-02-23)
1496,Allen Berube,1,2220,Leonard Garcia (2007-06-23)
1497,Fabiano Iha,7,2220,LaVerne Clark (2000-09-22)
1498,Felipe Olivieri,1,2220,Tony Martin (2016-01-30)
1499,Marcelo Guimaraes,4,2220,Vitor Miranda (2016-03-05)
1500,Matt Lucas,1,2219,Aaron Rosa (2011-11-12)
1501,Rachael Ostovich,2,2219,Montana De La Rosa (2018-07-06)
1502,Fredy Serrano,4,2218,Bentley Syler (2015-03-21)
1503,Lisa Ellis,2,2218,Felice Herrig (2014-12-12)
1504,Alex Soto,2,2218,Michael McDonald (2011-11-19)
1505,Tateki Matsuda,2,2217,Chris Beal (2014-09-05)
1506,Ronys Torres,2,2217,Melvin Guillard (2010-02-06)
1507,Iliarde Santos,3,2217,Iuri Alcantara (2013-05-18)
1508,Gideon Ray,3,2217,Mike Swick (2005-08-06)
1509,Tony Fryklund,4,2216,Ivan Salaverry (2004-10-22)
1510,Anthony Macias,3,2216,Oleg Taktarov (1995-07-14)
1511,Joseph Sandoval,2,2216,Nick Denis (2012-01-20)
1512,Emily Whitmire,2,2215,Jamie Moyle (2018-07-07)
1513,Noad Lahat,4,2215,Diego Rivas (2016-02-06)
1514,Sai Wang,2,2214,Danny Mitchell (2014-08-23)
1515,Garett Whiteley,3,2213,Alan Patrick (2013-10-09)
1516,Jake Lindsey,3,2213,Jon Tuck (2014-06-07)
1517,Reuben Duran,4,2213,George Roop (2013-03-16)
1518,Paweł Pawlak,3,2213,Leon Edwards (2015-07-18)
1519,Eddie Gordon,4,2213,Josh Samman (2014-12-06)
1520,Scott Bessac,2,2212,Joe Charles (1995-12-16)
1521,Henry Martinez,3,2212,Daron Cruickshank (2012-12-08)
1522,Jorge de Oliveira,2,2212,Christos Giagos (2015-03-21)
1523,Jeremy Larsen,3,2210,Lucas Martins (2013-05-18)
1524,Gokhan Saki,2,2209,Khalil Rountree Jr. (2018-07-07)
1525,John Gunderson,3,2209,Yves Edwards (2010-09-15)
1526,John Halverson,2,2209,Roger Huerta (2007-02-03)
1527,Chris Avila,2,2209,Enrique Barzola (2016-11-05)
1528,Nah-Shon Burrell,2,2209,Stephen Thompson (2013-05-25)
1529,David Michaud,3,2208,Olivier Aubin-Mercier (2015-04-25)
1530,Joe Vedepo,2,2207,Alessio Sakara (2008-09-17)
1531,Motonobu Tezuka,2,2207,Alex Caceres (2012-11-10)
1532,Matt Grice,7,2206,Ricardo Lamas (2011-06-26)
1533,Dustin Jacoby,2,2206,Chris Camozzi (2012-01-28)
1534,Cody East,2,2206,Walt Harris (2016-04-23)
1535,Leonard Garcia,9,2206,Max Holloway (2012-12-29)
1536,Josh Bryant,1,2204,Kyle Noke (2010-06-19)
1537,Kimbo Slice,2,2204,Matt Mitrione (2010-05-08)
1538,Jessica Rakoczy,2,2203,Valerie Letourneau (2015-04-25)
1539,Adam Wieczorek,2,2202,Arjan Bhullar (2018-04-14)
1540,Jason Von Flue,3,2202,Joe Riggs (2006-08-17)
1541,Luke Cummo,7,2201,Jason Von Flue (2006-04-06)
1542,Jesse Forbes,3,2201,Nick Catone (2010-01-11)
1543,Kelly Faszholz,2,2200,Lauren Murphy (2016-02-21)
1544,Aaron Wilkinson,1,2200,Cody McKenzie (2010-12-04)
1545,Adam Cella,1,2200,Tor Troeng (2013-04-06)
1546,Adriano Santos,1,2200,Tulio Palhares (1998-10-16)
1547,Albert Cheng,1,2200,Anying Wang (2014-03-01)
1548,Alberto Cerro Leon,1,2200,Remco Pardoel (1994-03-11)
1549,Alex Stiebling,1,2200,Mark Hughes (2000-11-17)
1550,Alex Torres,1,2200,Masio Fullen (2015-02-28)
1551,Alexis Dufresne,2,2200,Marion Reneau (2015-01-03)
1552,Alfonso Alcarez,1,2200,Jens Pulver (1999-09-24)
1553,Allan Goes,1,2200,Dan Henderson (1998-05-15)
1554,Allan Zuniga,1,2200,John Gunther (2018-07-06)
1555,Andy Anderson,1,2200,Jon Hess (1995-04-07)
1556,Andy Wang,1,2200,Cole Miller (2007-06-23)
1557,Art Jimmerson,1,2200,Royce Gracie (1993-11-12)
1558,Asbel Cancio,1,2200,Dave Beneteau (1995-04-07)
1559,Bentley Syler,1,2200,Fredy Serrano (2015-03-21)
1560,Billy Miles,1,2200,George Sotiropoulos (2007-12-08)
1561,Bob Cook,1,2200,Tiki Ghosn (2000-03-10)
1562,Bob Gilstrap,1,2200,Carlos Newton (1998-05-15)
1563,Bobby Southworth,1,2200,Sam Hoger (2005-04-09)
1564,Brendan Loughnane,1,2200,Mike Wilkinson (2012-12-15)
1565,Bristol Marunde,2,2200,Viscardi Andrade (2013-08-03)
1566,Cale Yarbrough,1,2200,Tim Credeur (2008-07-19)
1567,Cesar Marscucci,1,2200,Paulo Santos (1998-10-16)
1568,Chris Condo,1,2200,Ron Waterman (1999-05-07)
1569,Chris Saunders,1,2200,Myles Jury (2012-06-01)
1570,Chris Tickle,1,2200,Daron Cruickshank (2012-06-01)
1571,Christina Marks,1,2200,Montana De La Rosa (2017-12-01)
1572,Cory Walmsley,1,2200,David Heath (2006-08-26)
1573,Courtney Turner,1,2200,Chris Brennan (1998-03-13)
1574,Dan Barrera,1,2200,Ben Saunders (2007-12-08)
1575,Dan Stittgen,2,2200,Marcelo Guimaraes (2012-07-11)
1576,Daniel Spohn,1,2200,Patrick Walsh (2014-07-06)
1577,Dante Rivera,1,2200,Matthew Riddle (2008-06-21)
1578,Dave Berry,1,2200,Roberto Traven (1996-09-20)
1579,Dave Galera,1,2200,Royston Wee (2014-01-04)
1580,Dave Roberts,1,2200,Marcelo Mello (1999-05-07)
1581,Dave Strasser,2,2200,Romie Aram (2003-04-25)
1582,David Levicki,1,2200,Johnny Rhodes (1994-03-11)
1583,David Velasquez,1,2200,Jens Pulver (2000-03-10)
1584,Delson Heleno,1,2200,Francisco Trinaldo (2012-06-23)
1585,Dmitri Stepanov,1,2200,Steven Graham (1997-05-30)
1586,Donnie Chappell,1,2200,Tony Fryklund (1997-07-27)
1587,Dorian Price,1,2200,Roman Mitichyan (2007-12-08)
1588,Eldo Dias Xavier,1,2200,Marcus Bossett (1994-12-16)
1589,Emmanuel Yarborough,1,2200,Keith Hackney (1994-09-09)
1590,Enson Inoue,1,2200,Royce Alger (1997-05-30)
1591,Eric Martin,1,2200,Justin Martin (1997-02-07)
1592,Ernie Verdicia,1,2200,Oleg Taktarov (1995-04-07)
1593,Eugenio Tadeu,1,2200,Mikey Burnett (1998-03-13)
1594,Fabio Gurgel,1,2200,Jerry Bohlander (1996-09-20)
1595,Flavio Luiz Moura,1,2200,Paul Jones (1999-07-16)
1596,Francesco Maturi,1,2200,Onassis Parungao (1995-09-08)
1597,Frank Lester,1,2200,Nick Osipczak (2009-06-20)
1598,Fred Ettish,1,2200,Johnny Rhodes (1994-03-11)
1599,Freek Hamaker,1,2200,Thaddeus Luster (1994-03-11)
1600,Genki Sudo,3,2200,Mike Brown (2004-04-02)
1601,Gerald Strebendt,1,2200,Josh Thomson (2003-09-26)
1602,Gerard Gordeau,3,2200,Kevin Rosier (1993-11-12)
1603,Gerry Harris,1,2200,Paul Varelans (1995-09-08)
1604,Harold Howard,3,2200,Roland Payne (1994-09-09)
1605,Houston Dorr,1,2200,Dwayne Cason (1997-10-17)
1606,Hugo Duarte,1,2200,David Abbott (1998-05-15)
1607,Humberto Brown,1,2200,Gabriel Benitez (2014-11-15)
1608,Icho Larenas,1,2200,Tom Murphy (2006-03-04)
1609,Izabela Badurek,1,2200,Aleksandra Albu (2015-04-11)
1610,Jack McLaughlin,1,2200,Joel Sutton (1995-07-14)
1611,Jackie Lee,1,2200,Nick Sanzo (1997-02-07)
1612,James Hammortree,1,2200,Chris Camozzi (2010-06-19)
1613,James Zikic,1,2200,Phillip Miller (2002-07-13)
1614,Jamie Yager,1,2200,Rich Attonito (2010-06-19)
1615,Jared Rollins,1,2200,Jon Koppenhaver (2007-12-08)
1616,Jason Fairn,1,2200,Guy Mezger (1994-12-16)
1617,Jay Cucciniello,1,2200,Brad Katona (2018-07-06)
1618,Jermaine Andre,1,2200,Lance Gibson (2000-03-10)
1619,Jian Ping Yang,1,2200,Ning Guangyou (2014-08-23)
1620,Jimmy Quinlan,1,2200,Dylan Andrews (2013-04-13)
1621,Joe Pardo,1,2200,Mike Van Arsdale (1998-05-15)
1622,Joel Sutton,2,2200,Geza Kalman (1995-09-08)
1623,Joey Gilbert,1,2200,B.J. Penn (2001-05-04)
1624,Joey Roberts,1,2200,Sione Latu (1999-03-05)
1625,John Gunther,1,2200,Allan Zuniga (2018-07-06)
1626,John Kolosci,1,2200,Matt Arroyo (2007-12-08)
1627,John Matua,1,2200,Tank Abbott (1995-07-14)
1628,John Polakowski,1,2200,Rolando Delgado (2008-12-13)
1629,John Teixeira,1,2200,Hugo Viana (2012-06-23)
1630,Jon Hess,1,2200,Andy Anderson (1995-04-07)
1631,Jon Koppenhaver,2,2200,Jared Rollins (2007-12-08)
1632,Jon Manley,1,2200,Neil Magny (2013-02-23)
1633,Jonathan Wiezorek,1,2200,Wade Shipp (2004-04-02)
1634,Josh Rafferty,1,2200,Alex Karalexis (2005-04-09)
1635,Josh Stuart,1,2200,LaVerne Clark (1998-03-13)
1636,Jules Bruchez,1,2200,Eliot Marshall (2008-12-13)
1637,Justin Martin,1,2200,Eric Martin (1997-02-07)
1638,Justin Wren,1,2200,Jon Madsen (2009-12-05)
1639,Katsuhisa Fujii,2,2200,Masutatsu Yano (1999-11-19)
1640,Kazushi Sakuraba,1,2200,Marcus Silveira (1997-12-21)
1641,Keigo Kunihara,1,2200,Marcio Cruz (2005-10-07)
1642,Keith Mielke,1,2200,Sam Adkins (1996-02-16)
1643,Kevin Rosier,3,2200,Zane Frazier (1993-11-12)
1644,Larry Cureton,2,2200,Marco Ruas (1995-09-08)
1645,Lodune Sincaid,1,2200,Nate Quarry (2005-04-09)
1646,Logan Clark,1,2200,Steve Byrnes (2006-12-13)
1647,Lowell Anderson,1,2200,John Lewis (1999-09-24)
1648,Manuel Rodriguez,1,2200,Ben Alloway (2012-12-15)
1649,Marcelo Mello,1,2200,Dave Roberts (1999-05-07)
1650,Marcus Jones,1,2200,Matt Mitrione (2009-12-05)
1651,Marcus Silveira,1,2200,Kazushi Sakuraba (1997-12-21)
1652,Mario Neto,1,2200,Eddie Sanchez (2006-09-23)
1653,Mark Hughes,1,2200,Alex Stiebling (2000-11-17)
1654,Mark Scanlon,1,2200,Pascal Krauss (2010-11-13)
1655,Masutatsu Yano,1,2200,Katsuhisa Fujii (1999-11-19)
1656,Matt Andersen,1,2200,Rafael Carino (1996-05-17)
1657,Mike Trizano,1,2200,Joe Giannetti (2018-07-06)
1658,Moti Horenstein,2,2200,Mark Kerr (1997-07-27)
1659,Nick Denis,2,2200,Roland Delorme (2012-05-05)
1660,Noe Hernandez,1,2200,Chuck Liddell (1998-05-15)
1661,Onassis Parungao,1,2200,Francesco Maturi (1995-09-08)
1662,Orlando Wiet,2,2200,Robert Lucarelli (1994-03-11)
1663,Paul Herrera,1,2200,Gary Goodridge (1996-02-16)
1664,Paulo Santos,1,2200,Cesar Marscucci (1998-10-16)
1665,Rafael Carino,1,2200,Matt Andersen (1996-05-17)
1666,Rich Crunkilton,1,2200,Hermes Franca (2003-04-25)
1667,Richie Hightower,1,2200,Troy Mandaloniz (2007-12-08)
1668,Robert Lucarelli,1,2200,Orlando Wiet (1994-03-11)
1669,Roberto Traven,2,2200,Dave Berry (1996-09-20)
1670,Rocky Lee,1,2200,Taylor Lapilus (2015-04-11)
1671,Rodolfo Rubio,1,2200,Diego Rivas (2014-11-08)
1672,Rodrigo Ruas,1,2200,Tony Fryklund (2002-06-22)
1673,Roland Payne,1,2200,Harold Howard (1994-09-09)
1674,Rolles Gracie Jr.,1,2200,Joey Beltran (2010-02-06)
1675,Royce Alger,2,2200,Eugene Jackson (1999-07-16)
1676,Sako Chivitchian,1,2200,Kyle Watson (2010-12-04)
1677,Sam Morgan,2,2200,Forrest Petz (2006-08-17)
1678,Scott Adams,1,2200,Ian Freeman (2000-03-10)
1679,Scott Fiedler,1,2200,Brian Johnston (1996-07-12)
1680,Sean Daugherty,1,2200,Scott Morris (1994-03-11)
1681,Sean Gannon,1,2200,Branden Lee Hinkle (2005-10-07)
1682,Sherman Pendergarst,1,2200,Antoni Hardonk (2006-11-18)
1683,Sione Latu,1,2200,Joey Roberts (1999-03-05)
1684,Stephen Bass,1,2200,Marcus Brimage (2011-12-03)
1685,Steve Byrnes,1,2200,Logan Clark (2006-12-13)
1686,Steven Graham,2,2200,Dmitri Stepanov (1997-05-30)
1687,Tai Bowden,2,2200,Jack Nilson (1996-12-07)
1688,Teila Tuli,1,2200,Gerard Gordeau (1993-11-12)
1689,Thaddeus Luster,1,2200,Freek Hamaker (1994-03-11)
1690,Thomas Ramirez,1,2200,Don Frye (1996-02-16)
1691,Todd Butler,1,2200,Kevin Jackson (1997-07-27)
1692,Todd Medina,2,2200,Larry Cureton (1995-04-07)
1693,Tom Egan,1,2200,John Hathaway (2009-01-17)
1694,Tom Murphy,1,2200,Icho Larenas (2006-03-04)
1695,Tony Halme,1,2200,Randy Couture (1997-05-30)
1696,Trent Jenkins,2,2200,Mark Hall (1995-12-16)
1697,Tulio Palhares,1,2200,Adriano Santos (1998-10-16)
1698,Vernon Ramos,1,2200,Alvaro Herrera (2015-11-21)
1699,Wade Shipp,1,2200,Jonathan Wiezorek (2004-04-02)
1700,Wagner Campos,1,2200,Marcos Vinicius (2012-06-23)
1701,Wallid Ismail,1,2200,Yoshiaki Takahashi (1997-02-07)
1702,Wes Albritton,1,2200,Tito Ortiz (1997-05-30)
1703,Yoshiaki Takahashi,1,2200,Wallid Ismail (1997-02-07)
1704,Zach Light,1,2200,Pete Spratt (2002-06-22)
1705,Sheldon Westcott,3,2200,Elias Theodorou (2014-04-16)
1706,Jarjis Danho,2,2199,Christian Colombo (2016-09-03)
1707,Song Kenan,2,2199,Hector Aldana (2018-06-23)
1708,Josh Haynes,3,2199,Rory Singer (2006-10-10)
1709,Anistavio Medeiros,1,2198,Rodrigo Damm (2012-06-23)
1710,Carlos Barreto,1,2198,Dave Beneteau (1997-10-17)
1711,Abu Azaitar,1,2197,Vitor Miranda (2018-07-22)
1712,Besam Yousef,2,2196,Simeon Thoresen (2012-04-14)
1713,Alvaro Herrera,4,2196,Vicente Luque (2016-07-07)
1714,Brad Kohler,2,2195,Steve Judson (1999-09-24)
1715,Cal Worsham,3,2195,Tank Abbott (1996-12-07)
1716,Anna Elmose,2,2195,Germaine de Randamie (2016-05-08)
1717,Dustin Neace,1,2195,Bryan Caraway (2011-12-03)
1718,Charlie Valencia,1,2193,Ivan Menjivar (2011-04-30)
1719,Danny Mitchell,2,2193,Igor Araujo (2014-03-08)
1720,Syuri Kondo,2,2193,Poliana Botelho (2018-05-19)
1721,Simeon Thoresen,3,2192,Seth Baczynski (2012-09-22)
1722,Joe Veres,2,2192,Corey Hill (2008-01-23)
1723,Chris Indich,2,2191,Richard Walsh (2014-04-16)
1724,Hector Aldana,1,2191,Song Kenan (2018-06-23)
1725,Nate Mohr,4,2191,Kurt Pellegrino (2007-04-05)
1726,Sam Hoger,5,2191,Rashad Evans (2006-04-06)
1727,Shane Nelson,4,2191,Matt Wiman (2009-12-12)
1728,Rashad Coulter,3,2190,Tai Tuivasa (2017-11-19)
1729,Ivan Jorge,4,2190,Rodrigo Damm (2014-02-15)
1730,Matt Arroyo,3,2189,Dan Cramer (2009-01-31)
1731,Ross Pointon,2,2189,Rich Clementi (2007-01-25)
1732,Wuliji Buren,2,2188,Marlon Vera (2018-08-04)
1733,Aleksandra Albu,2,2188,Izabela Badurek (2015-04-11)
1734,Samy Schiavo,2,2187,Clay Guida (2008-04-02)
1735,Johnny Rhodes,3,2187,Fred Ettish (1994-03-11)
1736,Andrea Lee,1,2187,Veronica Macedo (2018-05-19)
1737,Jason Black,2,2187,Thiago Tavares (2007-06-12)
1738,Roman Salazar,3,2186,Mitch Gagnon (2014-10-04)
1739,Dave Kaplan,2,2183,Junie Browning (2008-12-13)
1740,Paul Jones,2,2182,Flavio Luiz Moura (1999-07-16)
1741,Dylan Andrews,5,2181,Clint Hester (2013-12-07)
1742,Scott Morris,2,2181,Sean Daugherty (1994-03-11)
1743,Milton Vieira,2,2181,Felipe Arantes (2012-06-23)
1744,Todd Brown,2,2179,Tim Boetsch (2010-08-07)
1745,CM Punk,2,2178,Mickey Gall (2016-09-10)
1746,Victor Valimaki,2,2178,David Heath (2006-12-13)
1747,Dale Hartt,3,2177,Shannon Gugerty (2008-07-19)
1748,Wu Yanan,1,2176,Gina Mazany (2017-11-25)
1749,Nadia Kassem,1,2175,Alex Chambers (2017-11-19)
1750,Vik Grujic,4,2175,Nordine Taleb (2014-04-16)
1751,Mark Kerr,4,2175,Dwayne Cason (1997-10-17)
1752,Paul Georgieff,1,2174,Jonathan Goulet (2007-12-08)
1753,Ricardo Abreu,2,2174,Wagner Silva (2014-05-31)
1754,Ebenezer Fontes Braga,1,2174,Jeremy Horn (1998-10-16)
1755,Matt Van Buren,2,2174,Corey Anderson (2014-07-06)
1756,Danny Abbadi,2,2174,Kalib Starnes (2006-06-24)
1757,Chris Brennan,3,2173,Courtney Turner (1998-03-13)
1758,John Campetella,1,2172,Gary Goodridge (1996-07-12)
1759,Romie Aram,1,2172,Dave Strasser (2003-04-25)
1760,Wes Combs,2,2172,Mike Nickels (2006-06-24)
1761,Ron Waterman,4,2172,Chris Condo (1999-05-07)
1762,Chris De La Rocha,3,2171,Adam Milstead (2016-05-29)
1763,Justin Lawrence,3,2170,Max Holloway (2012-08-11)
1764,Alex Andrade,1,2170,Amaury Bitetti (2000-06-09)
1765,Solomon Hutcherson,1,2170,Luigi Fioravanti (2006-06-24)
1766,Jorge Gurgel,7,2169,Mark Hominick (2006-06-28)
1767,David Dodd,2,2168,Tyrone Roberts (2000-06-09)
1768,Tony Petarra,1,2167,Wanderlei Silva (1999-05-07)
1769,Satoshi Honma,1,2165,Ron Waterman (2000-04-14)
1770,Leonardo Morales,2,2164,Yair Rodriguez (2014-11-15)
1771,Walel Watson,4,2163,Yves Jabouin (2011-12-10)
1772,Mike Jackson,2,2162,Mickey Gall (2016-02-06)
1773,Ray Wizard,1,2161,Patrick Smith (1994-03-11)
1774,Kristian Rothaermel,1,2161,Rob MacDonald (2006-06-28)
1775,LaVerne Clark,5,2160,Koji Oishi (2000-04-14)
1776,Ryan Spann,1,2159,Luis Henrique (2018-09-22)
1777,Per Eklund,3,2159,Evan Dunham (2009-02-21)
1778,Clay Harvison,3,2159,Justin Edwards (2011-06-04)
1779,Ivan Serati,1,2157,Tomasz Drwal (2009-01-17)
1780,Aaron Phillips,2,2156,Sam Sicilia (2014-05-24)
1781,Daniel Jolly,2,2156,Misha Cirkunov (2015-08-23)
1782,Chris Price,2,2153,Kendall Grove (2006-10-10)
1783,Alberto Uda,2,2153,Marvin Vettori (2016-08-20)
1784,Richie Vaculik,4,2152,Louis Smolka (2014-11-07)
1785,Jack Nilson,2,2150,Saeed Hosseini (1997-05-30)
1786,Sam Fulton,2,2150,Alex Hunter (1997-07-27)
1787,Zane Frazier,2,2150,Kevin Rosier (1993-11-12)
1788,Mark Holst,2,2149,Paul Sass (2010-10-16)
1789,Darrill Schoonover,1,2149,James McSweeney (2009-12-05)
1790,Steve Judson,2,2149,Tedd Williams (2000-03-10)
1791,Abdul-Kerim Edilov,1,2149,Bojan Mihajlovic (2017-09-02)
1792,Ron Faircloth,1,2148,Alessio Sakara (2005-10-07)
1793,Johnny Rees,2,2146,Nate Loughran (2008-07-19)
1794,Diego Saraiva,3,2146,Jorge Gurgel (2007-07-07)
1795,Rick Davis,1,2146,Melvin Guillard (2006-05-27)
1796,Eddie Mendez,1,2144,Daniel Sarafian (2013-06-08)
1797,James Lee,1,2142,Alessio Sakara (2008-01-19)
1798,Jeff Newton,1,2142,Sam Hoger (2005-11-19)
1799,CJ Fernandes,1,2141,Brad Gumm (2000-09-22)
1800,Xiaonan Yan,2,2140,Viviane Pereira (2018-06-23)
1801,Jamie Moyle,3,2139,Viviane Pereira (2017-06-03)
1802,Maciej Jewtuszko,1,2138,Curt Warburton (2011-02-27)
1803,Corey Hill,3,2137,Justin Buchholz (2008-07-05)
1804,Alex Hunter,2,2136,Harry Moskowitz (1997-10-17)
1805,Colin Fletcher,2,2136,Norman Parke (2012-12-15)
1806,Roldan Sangcha-an,2,2133,Richie Vaculik (2014-06-28)
1807,Yoislandy Izquierdo,2,2132,Reza Madadi (2012-04-14)
1808,Ariel Beck,1,2131,Shana Dobson (2017-12-01)
1809,Donny Walker,2,2130,Ken Stone (2011-09-17)
1810,Tom Speer,2,2129,Anthony Johnson (2008-04-02)
1811,Dieuseul Berto,1,2128,Geza Kalman (1996-07-12)
1812,Brian Geraghty,1,2128,Matt Wiman (2007-06-23)
1813,Jesse Taylor,2,2122,Dhiego Lima (2017-07-07)
1814,Cesar Arzamendia,2,2117,Polo Reyes (2015-11-21)
1815,Ben Wall,2,2115,Alex Garcia (2013-12-07)
1816,Yuri Vaulin,1,2114,Joe Moreira (1997-07-27)
1817,Hayder Hassan,2,2114,Kamaru Usman (2015-07-12)
1818,Karine Gevorgyan,1,2112,Rachael Ostovich (2017-12-01)
1819,Guilherme Vasconcelos,1,2102,Luke Zachrich (2014-07-05)
1820,Emily Kagan,2,2102,Angela Hill (2014-12-12)
1821,Fredson Paixão,1,2100,Pablo Garza (2010-12-04)
1822,He-Man Ali Gipson,1,2100,Anthony Macias (1995-07-14)
1823,Nate Schroeder,1,2100,Ian Freeman (2000-06-09)
1824,Sean Alvarez,1,2100,Wesley Correira (2003-04-25)
1825,Chris Liguori,1,2088,Keith Rockel (2003-11-21)
1826,Pat Schilling,2,2086,Max Holloway (2012-06-01)
1827,Livia Renata Souza,1,2082,Alex Chambers (2018-09-22)
1828,Tyrone Roberts,1,2082,David Dodd (2000-06-09)
1829,Steve Steinbeiss,2,2081,Rob Kimmons (2010-08-01)
1830,Saeed Hosseini,1,2072,Jack Nilson (1997-05-30)
1831,Tom Blackledge,1,2062,Anthony Perosh (2011-02-27)
1832,Joao Marcos Pierini,1,2052,Yves Edwards (2002-06-22)
1833,Nandor Guelmino,1,2033,Daniel Omielanczuk (2013-09-21)
1834,Cameron Dollar,1,1992,Jason Dent (2009-06-20)
